"Location";"AdmArea";"District";"WorkStartDate";"WorkEndDate";"WorkType";"WorkStatus";"global_id";"NameOrg";"geodata_center";"geoarea";
"Нагатинская ул дом 18";"Южный административный округ";"район Нагатино-Садовники";"01.07.2017";"31.10.2017";"прочие";"закончены";"639709173";"ГУП «Мосводосток»";"0101000000CC9DB5B828D34240DDB5EE5DD7D64B40";"";
"Мосфильмовская улица дом 49";"Западный административный округ";"район Раменки";"01.06.2017";"31.10.2017";"прочие";"закончены";"639709192";"ГУП «Мосводосток»";"010100000094846B4E54C04240B2389C8795DA4B40";"";
"восьмая улица соколиной горы дом 18";"Восточный административный округ";"район Соколиная Гора";"01.07.2017";"31.10.2017";"прочие";"закончены";"639709201";"ГУП «Мосводосток»";"01010000002AFFAE4D4CDE42408135C36E47E24B40";"";
"Русаковская улица дом 10";"Восточный административный округ";"район Сокольники";"01.07.2017";"31.10.2017";"прочие";"закончены";"639709216";"ГУП «Мосводосток»";"0101000000CC97D5B84ED64240E35D3B8A52E44B40";"";
"Новочеркасский бульвар дом 25";"Юго-Восточный административный округ";"район Марьино";"01.07.2017";"31.10.2017";"прочие";"закончены";"639709226";"ГУП «Мосводосток»";"0101000000F9214B7EF9DD4240A9E1F315F6D24B40";"";
"Ижорский проезд дом 17";"Северный административный округ";"Дмитровский район";"01.06.2017";"31.10.2017";"прочие";"закончены";"639709247";"ГУП «Мосводосток»";"0101000000C5A229BC2BC242409DD56298B5F14B40";"";
"Алтуфьевское шоссе дом 43 А";"Северо-Восточный административный округ";"район Отрадное";"01.07.2017";"30.12.2017";"прочие";"закончены";"639709255";"АО «Мосводоканал»";"010100000033CF0EE6D2C9424076A04FD755EF4B40";"";
"Фестивальная улица дом 4";"Северный административный округ";"Головинский район";"01.06.2017";"31.10.2017";"прочие";"закончены";"639709326";"ГУП «Мосводосток»";"0101000000787E3C8FCFBE4240416E81BBB8ED4B40";"";
"Академика Анохина улица дом 38";"Западный административный округ";"район Тропарёво-Никулино";"01.07.2017";"01.12.2017";"прочие";"закончены";"639709347";"АО «Мосводоканал»";"0101000000F81745F419BC4240B403776756D44B40";"";
"Крылатская улица дом 8";"Западный административный округ";"район Крылатское";"01.07.2017";"31.10.2017";"прочие";"закончены";"639709360";"ГУП «Мосводосток»";"01010000008B78E6ABD1B74240D3DBEE750FE14B40";"";
"Мосфильмовская улица дом 78";"Западный административный округ";"район Раменки";"01.07.2017";"31.10.2017";"прочие";"закончены";"639709575";"ГУП «Мосводосток»";"01010000009A7889A239C042405020A62BC8DA4B40";"";
"Симоновский вал от дома от дома 8 до дома 26";"Центральный административный округ";"Таганский район";"01.07.2017";"30.12.2017";"прочие";"закончены";"639709591";"АО «Мосводоканал»";"010100000043B2EA4CF0D44240EF4B42BAABDC4B40";"";
"Каланчевская улица дом 17";"Центральный административный округ";"Красносельский район";"01.09.2017";"30.12.2017";"прочие";"закончены";"639709592";"АО «Мосводоканал»";"0101000000B5A488128AD3424088CC68E206E34B40";"";
"улица Александра Солженицина от Таганской площади до Николоямской улицы";"Центральный административный округ";"Таганский район";"01.07.2017";"01.11.2017";"прочие";"закончены";"639709604";"ГУП «Мосводосток»";"0101000000722B72FFCED44240DF5D2FC539DF4B40";"";
"Абельмановская улица от метро Крестьянская застава до дома 9";"Центральный административный округ";"Таганский район";"01.07.2017";"31.10.2017";"прочие";"закончены";"639709615";"ГУП «Мосводосток»";"0101000000A3765EEEA1D54240EF3E1A28E6DD4B40";"";
"город Москва, ЦАО, Руновский переулок дом10";"Центральный административный округ";"район Замоскворечье";"13.07.2017";"27.12.2017";"прочие";"закончены";"641302385";"ГУП «Мосводосток»";"0101000000FBB71E4F6DD1424037BD12271DDF4B40";"";
"Рочдельская улица дом15";"Центральный административный округ";"Пресненский район";"02.10.2017";"27.12.2017";"прочие";"закончены";"641323878";"ГУП «Мосводосток»";"010100000076B81EEA17C84240E11AC3CBEBE04B40";"";
"Пересечение ул. Авиаконструктора Микояна и ул. Авиаконструктора Сухого";"Северный административный округ";"Хорошёвский район";"01.07.2017";"25.09.2018";"прочие";"закончены";"660460819";"ГУП «Москоллектор»";"010100000084B89E72B7C542408A6FEAC7C6E44B40";"";
"ул. Шереметьевская д.85, с.2.";"Северо-Восточный административный округ";"Останкинский район";"26.11.2017";"18.07.2019";"прочие";"закончены";"660460879";"ГУП «Москоллектор»";"0101000000E8AF14E8FDCE42403A51691BA8E74B40";"";
"Пересечение ул. Шереметьевская, ул. Калибровская и ул. Новомосковская.";"Северо-Восточный административный округ";"Останкинский район";"18.10.2017";"18.07.2019";"прочие";"закончены";"660460887";"ГУП «Москоллектор»";"01010000005029EF703BCF4240B20DA9D9E4E74B40";"";
"Энергетическая улица, дом 2, корпус 10, улица Лапина, дом 17А, улица Лефортовский Вал";"Юго-Восточный административный округ";"район Лефортово";"09.01.2017";"30.06.2018";"прочие";"закончены";"660460890";"АО «Мосгаз»";"0101000000C7F52D99C7D942401E43A09131E14B40";"";
"Пересечение Огородного проезда с 17-м проездом Марьиной Рощи.";"Северо-Восточный административный округ";"район Марьина Роща";"18.05.2017";"18.07.2019";"прочие";"закончены";"660460899";"ГУП «Москоллектор»";"0101000000B234B2570ACE42404EF6F6EB9AE74B40";"";
"Орловский переулок, улица Щепкина";"Центральный административный округ";"Мещанский район";"13.02.2017";"26.11.2017";"прочие";"закончены";"660460904";"АО «Мосгаз»";"01010000001889A01867D0424097DFBB7285E44B40";"";
"15-й проезд Марьиной Рощи,
ул. Шереметьевская д. 45";"Северо-Восточный административный округ";"район Марьина Роща";"27.09.2017";"18.07.2019";"прочие";"закончены";"660460905";"ГУП «Москоллектор»";"01010000000C8B6A6E99CE42403A25C6489CE74B40";"";
"Кутузовский проезд д. 16, стр.18.";"Западный административный округ";"район Дорогомилово";"13.02.2017";"16.07.2019";"прочие";"закончены";"660460918";"ГУП «Москоллектор»";"01010000004EB89EBBE9C2424074827B2974DF4B40";"";
"Улица Реутовская, улица Вешняковская, улица Старый Гай";"Восточный административный округ";"район Вешняки";"21.02.2017";"01.10.2018";"прочие";"закончены";"660460938";"АО «Мосгаз»";"01010000008590F8C72CEA4240E680F1EEB2DE4B40";"";
"ул. Тестовская д.20 А, стр. 2.";"Центральный административный округ";"Пресненский район";"01.11.2016";"16.07.2019";"прочие";"закончены";"660460972";"ГУП «Москоллектор»";"010100000091FB89218AC34240E4B7DE2BDADF4B40";"";
"Строгановский проезд, улица Волочаевская";"Юго-Восточный административный округ";"район Лефортово";"10.05.2017";"02.04.2018";"прочие";"закончены";"660460978";"АО «Мосгаз»";"01010000000AB81E596DD642406E166CF118E04B40";"";
"Большой Харитоньевский переулок, Малый Харитоньевский переулок, Большой Козловский переулок, Малый Козловский переулок, Хомутовский тупик, улица Садовой-Черногрязной, улица Чаплыгина, улица Машкова";"Центральный административный округ";"Басманный район";"16.05.2017";"01.04.2018";"прочие";"закончены";"660460986";"АО «Мосгаз»";"0101000000CC48EB5D5AD342404D15E30D13E24B40";"";
"Улица Октябрьская, 5-й проезд Марьиной Рощи";"Северо-Восточный административный округ";"район Марьина Роща";"25.05.2017";"28.12.2017";"прочие";"закончены";"660460988";"АО «Мосгаз»";"01010000000DB81E8B61CE4240A1C7BEF32FE64B40";"";
"Улица Студенческая, улица Дунаевского, улица Платовская, улица Можайский Вал";"Западный административный округ";"район Дорогомилово";"01.06.2017";"30.04.2019";"прочие";"закончены";"660460989";"АО «Мосгаз»";"0101000000A483E56818C642408C4FD518FCDE4B40";"";
"Улица Кошкина,";"Южный административный округ";"район Москворечье-Сабурово";"27.06.2017";"30.04.2019";"прочие";"закончены";"660461002";"АО «Мосгаз»";"01010000003FB81EBB47D64240D570BFB38DD14B40";"";
"Улица Октябрьская, 5-й проезд Марьиной Рощи, 3-й проезд Марьиной Рощи,";"Северо-Восточный административный округ";"район Марьина Роща";"01.07.2017";"10.10.2018";"прочие";"закончены";"660461733";"АО «Мосгаз»";"010100000043BE46D77BCE4240EE5B9687ECE54B40";"";
"Улица Черное Озеро";"Восточный административный округ";"район Косино-Ухтомский";"05.07.2017";"28.12.2017";"прочие";"закончены";"660462092";"АО «Мосгаз»";"0101000000FB11FAC00BEE424074250C31E6DB4B40";"";
"Улица Маломосковская, 1-й Рижский переулок";"Северо-Восточный административный округ";"Алексеевский район";"18.07.2017";"30.05.2018";"прочие";"закончены";"660466442";"АО «Мосгаз»";"010100000097A351F023D34240042C7DE111E84B40";"";
"Волжский бульвар, 8-я улица Текстильщиков, 10-я улица Текстильщиков, 11-я улица Текстильщиков";"Юго-Восточный административный округ";"район Текстильщики";"07.08.2017";"30.04.2019";"прочие";"закончены";"660467903";"АО «Мосгаз»";"010100000029EE1F50A1E0424002BFDF71BBD94B40";"";
"Улица Коминтерна, улица Летчика Бабушкина";"Северо-Восточный административный округ";"Бабушкинский район";"24.08.2017";"16.07.2018";"прочие";"закончены";"660468354";"АО «Мосгаз»";"010100000095B89EE74FD64240CD5FE7A72DEE4B40";"";
"Улица Баррикадная, улица Красная Пресня";"Центральный административный округ";"Пресненский район";"22.08.2017";"29.11.2017";"прочие";"закончены";"660468879";"АО «Мосгаз»";"0101000000DFF1E1DAE9C84240197EB66987E14B40";"";
"1-й Коптельский переулок, Грохольский переулок, улица Большая Спасская, Ананьевский переулок, Сретенский тупик, улица Садовая-Спасская";"Центральный административный округ";"Басманный район";"31.03.2017";"12.04.2018";"прочие";"закончены";"660471146";"АО «Мосгаз»";"010100000018B89E07ADD14240D54E15D315E34B40";"";
"Причальный проезд, Силикатный проезд";"Северо-Западный административный округ";"район Хорошёво-Мнёвники";"22.09.2017";"16.06.2018";"прочие";"закончены";"660471507";"АО «Мосгаз»";"0101000000B874F6FA5DC242400A5678D14DE14B40";"";
"Шоссе Фрезер, дом, 32, строение 3";"Юго-Восточный административный округ";"Нижегородский район";"04.08.2017";"28.01.2018";"прочие";"закончены";"660473251";"АО «Мосгаз»";"01010000000A8241BDDEDD4240889C6B3316DE4B40";"";
"Улица Артамонова, улица Ватутина";"Западный административный округ";"район Фили-Давыдково";"25.05.2017";"14.11.2017";"прочие";"закончены";"660473586";"АО «Мосгаз»";"01010000004E70452543BA4240E92640B825DC4B40";"";
"Семеновская набережная, улица Голяновская";"Центральный административный округ";"Басманный район";"16.05.2018";"31.10.2018";"прочие";"закончены";"660473802";"АО «Мосгаз»";"0101000000F83835B615DA4240DE7965B571E34B40";"";
"Никитинская улица, дом 2";"Восточный административный округ";"район Северное Измайлово";"01.08.2017";"25.12.2017";"прочие";"закончены";"660473959";"АО «Мосгаз»";"0101000000D62A398537E34240A6B45458CBE54B40";"";
"Сиреневый бульвар, дом, 14 корпус, 1";"Восточный административный округ";"район Измайлово";"09.10.2017";"25.12.2017";"прочие";"закончены";"660474491";"АО «Мосгаз»";"0101000000F4DB557A6BE44240722A18C2B6E64B40";"";
"Улица Авиамоторная, проезд Энтузиастов";"Юго-Восточный административный округ";"район Лефортово";"24.04.2017";"30.08.2020";"прочие";"закончены";"660474760";"АО «Мосгаз»";"01010000000D01AA4DFBDB4240BCD953474CE04B40";"";
"Проектируемый проезд";"Юго-Восточный административный округ";"Рязанский район";"21.04.2017";"30.05.2018";"прочие";"закончены";"660475030";"АО «Мосгаз»";"0101000000EA9962BDBCDE424097CB1B08C4DC4B40";"";
"Петровско - Разумовский проезд, дом, 21, строение 3";"Северный административный округ";"Савёловский район";"16.10.2017";"09.11.2017";"прочие";"закончены";"660475581";"АО «Мосгаз»";"010100000025D1218B84C84240D3C991B457E64B40";"";
"Орехово-Зуевский проезд";"Юго-Восточный административный округ";"Нижегородский район";"26.09.2017";"09.11.2017";"прочие";"закончены";"660516145";"АО «Мосгаз»";"0101000000B3994FACBBE04240701A5C7AAEDD4B40";"";
"Улица Проходчиков, дом 4, строение 2";"Северо-Восточный административный округ";"Ярославский район";"24.10.2017";"13.11.2017";"прочие";"закончены";"660518376";"АО «Мосгаз»";"01010000009346C7CB3ADC42407358B40204F04B40";"";
"3-я Павллоградская, дом 1";"Юго-Западный административный округ";"район Южное Бутово";"25.10.2017";"25.12.2017";"прочие";"закончены";"660518378";"АО «Мосгаз»";"0101000000B94A2E53ADC942406FAF6EF785C54B40";"";
"Левобережная улица";"Северный административный округ";"район Левобережный";"29.09.2017";"10.05.2018";"прочие";"закончены";"660582056";"АО «Мосгаз»";"01010000006CB89E5D21BC4240A697582813F04B40";"";
"Первомайская улица";"Восточный административный округ";"район Измайлово";"20.10.2017";"30.09.2018";"прочие";"закончены";"660599638";"АО «Мосгаз»";"01010000005BB89E7397E442405F84E90D83E54B40";"";
"Улица Черное озеро";"Восточный административный округ";"район Косино-Ухтомский";"20.10.2017";"06.04.2018";"прочие";"закончены";"660599642";"АО «Мосгаз»";"0101000000B380DB0234EE4240221025A6A1DB4B40";"";
"Острякова улица, улица Викторенко";"Северный административный округ";"Хорошёвский район";"18.10.2017";"30.04.2019";"прочие";"закончены";"660599661";"АО «Мосгаз»";"0101000000496437C3FEC2424055F4673E5CE64B40";"";
"Улица Оранжерейная, Ветлужская улица";"Восточный административный округ";"район Косино-Ухтомский";"24.10.2017";"18.12.2018";"прочие";"закончены";"660599663";"АО «Мосгаз»";"010100000052824DA2E9ED4240D83F313802DC4B40";"";
"Скаковая аллея, дом 9";"Северный административный округ";"район Беговой";"15.10.2017";"26.02.2018";"прочие";"закончены";"660601822";"ПАО «МОЭК»";"010100000008B81E8C57C842407F59799305E44B40";"";
"Скаковая улица, дом 34, корпус 2";"Северный административный округ";"район Беговой";"30.01.2018";"26.02.2018";"прочие";"закончены";"660601843";"ПАО «МОЭК»";"01010000001EADEDB131C94240E725BD419AE34B40";"";
"Каширское шоссе, дом 22, корпус 3, строение 17";"Южный административный округ";"район Москворечье-Сабурово";"15.09.2017";"20.11.2017";"прочие";"закончены";"660601917";"ПАО «МОЭК»";"010100000020B81EA1EDD14240D2990DBA6ED44B40";"";
"Уссурийская улица, дом 9";"Восточный административный округ";"район Гольяново";"15.09.2017";"15.11.2017";"прочие";"закончены";"660602167";"ПАО «МОЭК»";"01010000006AFBBC55FEE842402639685663E94B40";"";
"улица Жебрунова, дом 4";"Восточный административный округ";"район Сокольники";"28.08.2017";"29.01.2018";"прочие";"закончены";"660602222";"ПАО «МОЭК»";"0101000000A64C64C9D2D64240EB75F4CB83E44B40";"";
"Автозаводская улица, дом 23, корпус 6";"Южный административный округ";"Даниловский район";"15.08.2017";"15.12.2017";"прочие";"закончены";"660602260";"ПАО «МОЭК»";"01010000006C7FDA0B2FD24240D4E838EF1ADA4B40";"";
"улица Фомичёвой, дом 13";"Северо-Западный административный округ";"район Северное Тушино";"15.02.2018";"31.07.2018";"прочие";"закончены";"661246037";"ПАО «МОЭК»";"010100000046B89EC931B842404664B25991ED4B40";"";
"Улица Черное Озеро";"Восточный административный округ";"район Косино-Ухтомский";"06.11.2017";"01.06.2018";"прочие";"закончены";"668770366";"АО «Мосгаз»";"01010000005A71941B39EE424053D3D56283DB4B40";"";
"Улица Большая Косинская, дом 19";"Восточный административный округ";"район Косино-Ухтомский";"09.11.2017";"28.12.2017";"прочие";"закончены";"670664907";"АО «Мосгаз»";"0101000000A0AB557EA1ED42407B270513B3DB4B40";"";
"улица Фридриха Энгельса, дом 56, строение 1";"Центральный административный округ";"Басманный район";"20.11.2017";"30.11.2017";"прочие";"закончены";"680940658";"ПАО «МОЭК»";"010100000017EBC9D97DD842408173453073E34B40";"";
"Очаковское шоссе, дом 40, строение 1";"Западный административный округ";"район Очаково-Матвеевское";"20.11.2017";"15.01.2018";"прочие";"закончены";"680978107";"ПАО «МОЭК»";"0101000000BB280CBDA2B84240173134CCF2D74B40";"";
"Улица Минская х с Кутузовским проспектом";"Западный административный округ";"район Фили-Давыдково";"23.11.2017";"25.12.2017";"прочие";"закончены";"683336371";"АО «Мосгаз»";"010100000013B81E9DD7BE4240715FB25A65DD4B40";"";
"Улица Гвардейская, дом 15";"Западный административный округ";"Можайский район";"24.11.2017";"25.12.2017";"прочие";"закончены";"683336974";"АО «Мосгаз»";"01010000002EFA58A73BB642408D65F708C5DC4B40";"";
"Улица Ленинская Слобода";"Южный административный округ";"Даниловский район";"05.12.2017";"10.06.2018";"прочие";"закончены";"703673615";"АО «Мосгаз»";"01010000001DD8EFD3DED242406F97A1C93FDA4B40";"";
"Улица Захарьинская, дом 8, строение 1";"Северо-Западный административный округ";"район Куркино";"05.12.2017";"01.04.2018";"прочие";"закончены";"707714153";"АО «Мосгаз»";"01010000003B4284CAFEB0424084330A34C5F14B40";"";
"Гороховский переулок территория Сада имени Баумана";"Центральный административный округ";"Басманный район";"01.11.2017";"30.12.2017";"прочие";"закончены";"796195595";"АО «Мосводоканал»";"01010000005A1EF2859AD4424024A2DD73EDE14B40";"";
"1-я Прядильная, дом, 8";"Восточный административный округ";"район Измайлово";"22.12.2017";"28.12.2017";"прочие";"закончены";"804004247";"АО «Мосгаз»";"010100000050B4FDB34FE342402FF5665AA4E54B40";"";
"3-я Парковая улица, дом 33";"Восточный административный округ";"район Измайлово";"22.12.2017";"28.12.2017";"прочие";"закончены";"804006472";"АО «Мосгаз»";"0101000000345F843D27E44240D7D36E11E8E54B40";"";
"Улица Пудовкина, дом 4";"Западный административный округ";"район Раменки";"22.12.2017";"22.03.2018";"прочие";"закончены";"804009278";"АО «Мосгаз»";"0101000000A0BDB4EB08C44240B26AF58F24DD4B40";"";
"Улица Стартовая, улица Челюскинская, улица Норильская";"Северо-Восточный административный округ";"Лосиноостровский район";"15.01.2018";"01.06.2020";"прочие";"закончены";"832203458";"АО «Мосгаз»";"0101000000252FDB9C7ADA42404F113389E1F04B40";"";
"Улица Васильевская, улица 2-я Брестская, улица Гашека, улица Юлиуса Фучика";"Центральный административный округ";"Тверской район";"15.01.2018";"01.06.2018";"прочие";"закончены";"832206392";"АО «Мосгаз»";"01010000003AB91DA862CB424072DE336CCBE24B40";"";
"Шоссе Фрезер, Перовское шоссе";"Юго-Восточный административный округ";"Нижегородский район";"16.01.2018";"30.04.2019";"прочие";"закончены";"832649134";"АО «Мосгаз»";"010100000083B577E7E2DD42401DB8F89713DE4B40";"";
"Большая Татарская улица, Руновский переулок, Малый Татарский переулок, Вишняковский переулок, Старый Толмачевский переулок";"Центральный административный округ";"район Замоскворечье";"17.01.2018";"02.07.2019";"прочие";"закончены";"832649137";"АО «Мосгаз»";"010100000032C8278301D142408D4B1D0AC4DE4B40";"";
"Остаповский проезд, Угрешская улица";"Юго-Восточный административный округ";"Нижегородский район";"22.01.2018";"17.07.2019";"прочие";"закончены";"833036596";"АО «Мосгаз»";"01010000006E4A1608A6DA424007A65B18E7DB4B40";"";
"Водопроводный переулок, дом 2, строение 3";"Центральный административный округ";"Мещанский район";"18.01.2018";"14.03.2018";"прочие";"закончены";"833041945";"АО «Мосгаз»";"0101000000529B876763D14240E0278582CFE54B40";"";
"Жуков проезд, дом 15, строение 1";"Центральный административный округ";"район Замоскворечье";"22.01.2018";"06.02.2018";"прочие";"закончены";"835212075";"АО «Мосгаз»";"010100000029B89E1AB8D142402CDEFFB491DC4B40";"";
"1-й Красковский проезд, д.38 к.1";"Восточный административный округ";"район Косино-Ухтомский";"15.01.2018";"02.04.2018";"прочие";"закончены";"835212096";"АО «Мосгаз»";"010100000092EA513912F442403329B1D48DDB4B40";"";
"Азовская улица, Черноморский бульвар";"Юго-Западный административный округ";"район Зюзино";"15.02.2018";"30.04.2019";"прочие";"закончены";"838827734";"АО «Мосгаз»";"010100000045BD021D58CC4240E0FB01E5B7D24B40";"";
"Златоустинский большой переулок";"Центральный административный округ";"Басманный район";"26.01.2018";"15.04.2018";"прочие";"закончены";"839452436";"АО «Мосводоканал»";"010100000052B89E06DCD04240E75570FB30E14B40";"";
"Подколокольный переулок";"Центральный административный округ";"Басманный район";"26.01.2018";"15.04.2018";"прочие";"закончены";"839560726";"АО «Мосводоканал»";"01010000001606DE0041D2424012E98A9F5EE04B40";"";
"Армянский переулок";"Центральный административный округ";"Басманный район";"26.01.2018";"15.04.2018";"прочие";"закончены";"839584780";"АО «Мосводоканал»";"010100000068B81EF65CD14240E17FEA9253E14B40";"";
"Миусский переулок";"Северо-Восточный административный округ";"район Отрадное";"27.01.2018";"15.04.2018";"прочие";"закончены";"839605930";"АО «Мосводоканал»";"01010000001093EDF79ACB42407731A7ADB4E34B40";"";
"1 Миусская улица";"Центральный административный округ";"Тверской район";"27.01.2018";"15.04.2018";"прочие";"закончены";"839628013";"АО «Мосводоканал»";"0101000000EE61D49913CC4240EF2D1CE5DDE34B40";"";
"Малый Златоустьинский переулок";"Центральный административный округ";"Басманный район";"26.01.2018";"15.04.2018";"прочие";"закончены";"839644198";"АО «Мосводоканал»";"010100000063602EFD38D14240AAF383BB30E14B40";"";
"Тараса Шевченко набережная";"Западный административный округ";"район Дорогомилово";"25.01.2018";"31.05.2018";"прочие";"закончены";"839670571";"АО «Мосводоканал»";"01010000001DAAF97C30C942402C82F02303E04B40";"";
"Кривоколенный переулок";"Центральный административный округ";"Басманный район";"26.01.2018";"15.04.2018";"прочие";"закончены";"839681718";"АО «Мосводоканал»";"0101000000742BF8747BD1424062CD9D3893E14B40";"";
"Старосадский переулок";"Центральный административный округ";"Басманный район";"26.01.2018";"15.04.2018";"прочие";"закончены";"839695778";"АО «Мосводоканал»";"0101000000406D7012D8D14240BBA94ADCCDE04B40";"";
"Образцовая улица дом 9 д31";"Северо-Восточный административный округ";"Бутырский район";"26.01.2018";"01.09.2018";"прочие";"закончены";"839704163";"АО «Мосводоканал»";"0101000000431E29870ECE4240E09D613435E54B40";"";
"Большая Дорогомиловская улица";"Западный административный округ";"район Дорогомилово";"26.01.2018";"15.04.2018";"прочие";"закончены";"839752542";"АО «Мосводоканал»";"01010000002DB81EA57BC74240AD0AB6F989DF4B40";"";
"Большая Дорогомиловская улица";"Западный административный округ";"район Дорогомилово";"25.01.2018";"15.04.2018";"прочие";"закончены";"839756771";"АО «Мосводоканал»";"010100000013B81EB37CC74240D4A8CFD184DF4B40";"";
"Большая Дорогомиловская улица";"Западный административный округ";"район Дорогомилово";"28.02.2018";"15.04.2018";"прочие";"закончены";"839762156";"АО «Мосводоканал»";"01010000005AB81EB3C8C642404DDC736E83DF4B40";"";
"Петроверигский переулок";"Центральный административный округ";"Басманный район";"26.01.2018";"15.04.2018";"прочие";"закончены";"839796328";"АО «Мосводоканал»";"01010000007EB2901FA1D142405F78DF77E1E04B40";"";
"Улица Маросейка, Петроверигский переулок, Старосадский переулок, Большой Златоустинский переулок, Большой Спасоглинищевский переулок";"Центральный административный округ";"Басманный район";"29.01.2018";"31.05.2018";"прочие";"закончены";"841751427";"АО «Мосгаз»";"0101000000FAB20CFD2AD14240743C3CA4F7E04B40";"";
"Улица Полбина";"Юго-Восточный административный округ";"район Печатники";"02.02.2018";"30.05.2018";"прочие";"закончены";"841780268";"АО «Мосгаз»";"010100000039B89E6346DC4240E10039775AD54B40";"";
"Богданова улица, дом 2";"Западный административный округ";"район Солнцево";"05.02.2018";"30.04.2018";"прочие";"закончены";"841877168";"АО «Мосгаз»";"0101000000614A10D79FB4424071D50ABE61D44B40";"";
"Певческий переулок дом 1";"Центральный административный округ";"Таганский район";"01.03.2018";"15.04.2018";"прочие";"закончены";"860013755";"АО «Мосводоканал»";"01010000000DC8DFBB34D24240F4ED07014AE04B40";"";
"Лучников переулок";"Центральный административный округ";"Таганский район";"01.03.2018";"20.05.2018";"прочие";"закончены";"860013777";"АО «Мосводоканал»";"0101000000BBB64542DFD04240E575EF262CE14B40";"";
"Брянская улица дом 2 - 12";"Западный административный округ";"район Дорогомилово";"01.03.2018";"15.04.2018";"прочие";"закончены";"860013815";"АО «Мосводоканал»";"0101000000043EDC1254C74240B2FFA1BF51DF4B40";"";
"Можайский Вал дом 1 - 11";"Западный административный округ";"район Дорогомилово";"01.03.2018";"15.04.2018";"прочие";"закончены";"860013901";"АО «Мосводоканал»";"0101000000D53DF7CC79C742400690CD2887DF4B40";"";
"Украинский бульвар дом 6 - 7";"Западный административный округ";"район Дорогомилово";"01.03.2018";"15.04.2018";"прочие";"закончены";"860013954";"АО «Мосводоканал»";"010100000014B81E6704C842403837F89641E04B40";"";
"Украинский Бульвар дом 9";"Западный административный округ";"район Дорогомилово";"01.03.2018";"15.04.2018";"прочие";"закончены";"860014113";"АО «Мосводоканал»";"0101000000143E38C29FC842405F689F39BCDF4B40";"";
"Петроверигский переулок дом 2 - 6 -8";"Центральный административный округ";"Таганский район";"01.03.2018";"15.04.2018";"прочие";"закончены";"860014141";"АО «Мосводоканал»";"0101000000BFC6FA2A88D142406C6B1BC7E1E04B40";"";
"Второй Лесной переулок дом 2 - 10";"Центральный административный округ";"Тверской район";"01.03.2018";"15.04.2018";"прочие";"закончены";"860014144";"АО «Мосводоканал»";"010100000095B81E040ACB424031BF40430CE44B40";"";
"Пресненский Вал территория у метро 1905 года";"Центральный административный округ";"Пресненский район";"01.03.2018";"23.04.2018";"прочие";"закончены";"860014148";"АО «Мосводоканал»";"0101000000469BC93327C842402F5DB471B6E14B40";"";
"Улица Добролюбова";"Северо-Восточный административный округ";"Бутырский район";"26.02.2018";"20.09.2018";"прочие";"закончены";"860475245";"АО «Мосгаз»";"0101000000226CAEC725CC42401E430E40C1E74B40";"";
"Улица Синельниковская, улица 1-я Горловская, улица 3-я Павлоградская, улица 4-я Павлоградская";"Юго-Западный административный округ";"район Южное Бутово";"06.03.2018";"18.12.2018";"прочие";"закончены";"860475251";"АО «Мосгаз»";"0101000000563A1A1B4FCA4240E575062820C64B40";"";
"Графский переулок, 3-я Мытищинская улица, 1-я Мытищинская улица, 2-я Мытищинская улица";"Северо-Восточный административный округ";"Алексеевский район";"06.03.2018";"30.04.2019";"прочие";"закончены";"860475264";"АО «Мосгаз»";"01010000006D83DB6848D24240D831795721E64B40";"";
"Большая Татарская, дом 5, строение 9";"Центральный административный округ";"район Замоскворечье";"22.03.2018";"01.07.2018";"прочие";"закончены";"860561994";"АО «Мосгаз»";"01010000003E21780EC9D0424089AAC46D15DF4B40";"";
"Походный проезд, улица Фабрициуса";"Северо-Западный административный округ";"район Южное Тушино";"13.03.2018";"30.08.2018";"прочие";"закончены";"860571986";"АО «Мосгаз»";"0101000000638C55D2ADB54240E0157E6F86EB4B40";"";
"Шебашевский проезд, улица Часовая, Большой Коптевский проезд";"Северный административный округ";"район Аэропорт";"27.03.2018";"20.12.2019";"прочие";"закончены";"860571990";"АО «Мосгаз»";"0101000000245A76394CC442403098E30B7FE74B40";"";
"Большой Краснопрудный тупик, улица Верхняя Красносельская, 3-й Красносельский переулок, 4-й Красносельский переулок, улица Верхняя Красносельская, улица Лобачика, улица Малая Красносельская, улица 5-й Красносельский переулок";"Центральный административный округ";"Красносельский район";"28.03.2018";"23.10.2018";"прочие";"закончены";"860571996";"АО «Мосгаз»";"0101000000FEFF47567CD442405D0D5F0350E44B40";"";
"Минская улица через пути Филевской линии метро";"Западный административный округ";"район Филёвский Парк";"07.03.2018";"26.05.2018";"прочие";"закончены";"860990337";"ГБУ «Гормост»";"0101000000F1182355DFBD42407836CC33A2DE4B40";"";
"Багратионовский проезд через пути Филевской линии метро";"Западный административный округ";"район Филёвский Парк";"08.03.2018";"15.05.2018";"прочие";"закончены";"860990449";"ГБУ «Гормост»";"010100000082B642DADAC142400269EB5E93DF4B40";"";
"Барклая улица через пути Филевской линии метро";"Западный административный округ";"район Филёвский Парк";"20.03.2018";"26.05.2018";"прочие";"закончены";"860990543";"ГБУ «Гормост»";"01010000000C597998B8BF42403B8BC82F37DF4B40";"";
"Рублевское шоссе через пути Филевской линии метро";"Западный административный округ";"район Фили-Давыдково";"30.03.2018";"26.05.2018";"прочие";"закончены";"860990665";"ГБУ «Гормост»";"0101000000BD9C6F3F1AB942405407B5588CDD4B40";"";
"Улица Красных Зорь, улица Ивана Франко";"Западный административный округ";"район Кунцево";"06.04.2018";"28.02.2019";"прочие";"закончены";"861115972";"АО «Мосгаз»";"01010000004D5333888BB6424065B648A4F9DC4B40";"";
"Люблинская улица через р. Москва";"Южный административный округ";"район Братеево";"15.04.2018";"03.12.2018";"прочие";"закончены";"861490887";"ГБУ «Гормост»";"0101000000A0A76C86C7DF42402520BADE9AD14B40";"";
"Волгоградский проспект";"Юго-Восточный административный округ";"Нижегородский район";"17.04.2018";"30.08.2018";"прочие";"закончены";"861511589";"АО «Мосгаз»";"010100000085B89EB155D94240E3D17D346CDC4B40";"";
"Улица Новоостаповская, дом 14";"Юго-Восточный административный округ";"Южнопортовый район";"16.04.2018";"20.04.2018";"прочие";"закончены";"861521737";"АО «Мосгаз»";"010100000044C8C283F4D5424086A15A3726DC4B40";"";
"Улица Красноармейская, улица Старый Зыковский проезд, улица Коккинаки, улица Пилота Нестерова, улица Константина Симонова, улица Степана Супруна";"Северный административный округ";"район Аэропорт";"22.04.2018";"03.07.2019";"прочие";"закончены";"861758630";"АО «Мосгаз»";"0101000000E16C2D90D4C542405FB1CE853DE64B40";"";
"Дмитровское шоссе д.111 - Яхромская ул. - Икшинская ул.";"Северный административный округ";"Дмитровский район";"01.04.2018";"01.12.2018";"прочие";"закончены";"861760206";"АО «Мосводоканал»";"0101000000EEE182575FC542402F5BDC7C66F14B40";"";
"Производственная улица";"Западный административный округ";"район Солнцево";"01.03.2018";"31.01.2019";"прочие";"закончены";"861760371";"АО «Мосводоканал»";"01010000009F30534D1BB142404D4D3C7459D24B40";"";
"Кулаков пер. - 1-й Рижский пер.";"Северный административный округ";"Алексеевский район";"01.03.2018";"01.12.2018";"прочие";"закончены";"861760403";"АО «Мосводоканал»";"010100000075E7F17E49D34240A11B2210E5E64B40";"";
"Автозаводская улица д19 юго-восточная магистраль";"Южный административный округ";"Даниловский район";"01.04.2018";"01.09.2018";"прочие";"закончены";"861765985";"АО «Мосводоканал»";"0101000000CA32E64662D34240A3585EF31ADA4B40";"";
"Северное Чертаново корп. 805";"Южный административный округ";"район Чертаново Северное";"01.04.2018";"01.12.2018";"прочие";"закончены";"861766026";"АО «Мосводоканал»";"01010000000540B274D2CB424027ED77340FD14B40";"";
"ул. Летчика Бабушкина д.32";"Северо-Восточный административный округ";"Бабушкинский район";"01.03.2018";"01.08.2018";"прочие";"закончены";"861766064";"АО «Мосводоканал»";"01010000007A8EB90094D642406E1A8C5E81EF4B40";"";
"Коровинское шоссе д.37";"Северный административный округ";"район Западное Дегунино";"01.03.2018";"01.09.2018";"прочие";"закончены";"861766087";"АО «Мосводоканал»";"01010000004476F89EA9C1424030FDC5834AF14B40";"";
"Перовская ул. д.60 корп.1";"Восточный административный округ";"район Новогиреево";"01.03.2018";"01.09.2018";"прочие";"закончены";"861766257";"АО «Мосводоканал»";"0101000000366C1F3D90E54240A5873CC349DF4B40";"";
"Загорьевская ул. д.10 корп.1";"Южный административный округ";"район Бирюлёво Восточное";"01.04.2018";"01.09.2018";"прочие";"закончены";"861766284";"АО «Мосводоканал»";"010100000030F707DDAED64240A7C8F10A36CA4B40";"";
"Северный Проезд пересечение Дмитровского шоссе КНС Паведники";"Северный административный округ";"район Северный";"01.03.2018";"01.09.2018";"прочие";"закончены";"861766420";"АО «Мосводоканал»";"0101000000695DEFD8B4C54240923A9854CDF84B40";"";
"ул. Бехтерева д.49 КНС Л.Дачное";"Южный административный округ";"район Царицыно";"01.02.2018";"01.09.2018";"прочие";"закончены";"861766485";"АО «Мосводоканал»";"01010000000AB81E1DF8D242400505C683E0CE4B40";"";
"Село Кленово ул. Центральная КНС Кленово";"Троицкий административный округ";"поселение Кленовское";"01.04.2018";"01.09.2018";"прочие";"закончены";"861766538";"АО «Мосводоканал»";"0101000000F92B5966FDAC4240109B3E575EA94B40";"";
"Улица 1-й Тушинский проезд, улица 3-й Тушинский проезд";"Северо-Западный административный округ";"район Покровское-Стрешнево";"26.04.2018";"01.06.2019";"прочие";"закончены";"862001234";"АО «Мосгаз»";"010100000012072E5E5CB54240848EDC8FAFEA4B40";"";
"Улица Старый Зыковский проезд, улица Эльдорадовский переулок, улица Степана Супруна, улица Пилота Нестерова";"Северный административный округ";"район Аэропорт";"26.04.2018";"17.06.2019";"прочие";"закончены";"862001751";"АО «Мосгаз»";"01010000007A84AAF3E2C54240F8F1DAA053E64B40";"";
"Вишняковский переулок, Большая Татарская улица, Большой Татарский переулок";"Центральный административный округ";"район Замоскворечье";"03.05.2018";"15.10.2018";"прочие";"закончены";"862393865";"АО «Мосгаз»";"01010000008E084D82FFD042407963B4B856DE4B40";"";
"Улица Искры, улица Верхоянская, улица Радужная";"Северо-Восточный административный округ";"Бабушкинский район";"14.05.2018";"01.06.2019";"прочие";"закончены";"862394589";"АО «Мосгаз»";"0101000000219A08BDADD542407BB95A5B1EEE4B40";"";
"Мазиловская улица через пути Филевской линии метрополитена";"Западный административный округ";"район Фили-Давыдково";"10.05.2018";"24.05.2018";"прочие";"закончены";"863168651";"ГБУ «Гормост»";"010100000088E838B4C7BB4240B2A4EB5932DE4B40";"";
"Федеративный проспект, 6-й проспект Новогиреева";"Восточный административный округ";"район Новогиреево";"16.05.2018";"30.09.2018";"прочие";"закончены";"863213582";"АО «Мосгаз»";"0101000000574FD7751DE842407C15752489E04B40";"";
"Улица Иловайская";"Юго-Восточный административный округ";"район Марьино";"14.05.2018";"30.08.2018";"прочие";"закончены";"863213641";"АО «Мосгаз»";"0101000000E552F74F30DC42402239B8A585D44B40";"";
"Шмитовский проезд, Шелепихинская набережная, Мукомольный проезд";"Центральный административный округ";"Пресненский район";"15.01.2018";"15.10.2020";"прочие";"идут";"864427827";"АО «Мосгаз»";"01010000007C274A3FE8C24240FEE3378CF3DF4B40";"";
"Улица Донская";"Южный административный округ";"Донской район";"06.06.2018";"01.11.2018";"прочие";"закончены";"864427940";"АО «Мосгаз»";"01010000008C5E79D76ECD4240239392F51FDC4B40";"";
"Проектируемый проезд № 5443";"Северо-Восточный административный округ";"район Отрадное";"23.05.2018";"30.05.2019";"прочие";"закончены";"864428225";"АО «Мосгаз»";"0101000000950B9322D7CB424075AF64E90AED4B40";"";
"Улица Первомайская, дом 40-19";"Восточный административный округ";"район Измайлово";"15.06.2018";"26.07.2018";"прочие";"закончены";"870136527";"АО «Мосгаз»";"0101000000F812AF959DE44240853DB5F47EE54B40";"";
"1-я Магистральная улица, дом 20, строение 5";"Северный административный округ";"Хорошёвский район";"13.06.2018";"26.07.2018";"прочие";"закончены";"870138393";"АО «Мосгаз»";"0101000000A52728313AC24240C974DB00BEE24B40";"";
"Улица Садовники, дом 4, строение 2";"Южный административный округ";"район Нагатино-Садовники";"12.07.2018";"01.09.2018";"прочие";"закончены";"879290414";"АО «Мосгаз»";"010100000088B81E1398D3424084BAD58894D64B40";"";
"Боровский проезд, дом 14";"Западный административный округ";"район Солнцево";"30.07.2018";"30.08.2018";"прочие";"закончены";"880082571";"ПАО «МОЭК»";"010100000096DBB8F472B14240597A9623B1D34B40";"";
"улица 800-летия Москвы, дом 2, корпус 2";"Северный административный округ";"Бескудниковский район";"10.07.2018";"15.08.2018";"прочие";"закончены";"880083995";"ПАО «МОЭК»";"01010000002D063C6148C442408DD5E9971EF04B40";"";
"улица Байкальская, дом 5, строение 2";"Восточный административный округ";"район Гольяново";"10.07.2018";"30.06.2019";"прочие";"закончены";"880119833";"ПАО «МОЭК»";"010100000072A849A078E4424000B9419B8DE84B40";"";
"улица Знаменская ,дом 5, строение 2";"Восточный административный округ";"район Сокольники";"10.07.2018";"26.12.2018";"прочие";"закончены";"880129767";"ПАО «МОЭК»";"010100000078B81E526FDB42401EE1B778A6E64B40";"";
"улица 2-я Владимирская, дом 15, корпус 3, строение 2";"Восточный административный округ";"район Перово";"10.07.2018";"30.12.2018";"прочие";"закончены";"880130764";"ПАО «МОЭК»";"01010000003F669C6B37E442401BB1E2304CE14B40";"";
"Улица Иловайская, дом 10А, строение 5";"Юго-Восточный административный округ";"район Марьино";"19.07.2018";"30.05.2019";"прочие";"закончены";"880641248";"АО «Мосгаз»";"010100000041753C277EDC4240EF0A50C657D44B40";"";
"улица Луганская, дом 9, строение 1";"Южный административный округ";"район Царицыно";"01.02.2019";"28.02.2019";"прочие";"закончены";"880641575";"ПАО «МОЭК»";"010100000055B81EDD8FD54240C01C615ABCCF4B40";"";
"Звенигородское шоссе";"Центральный административный округ";"Пресненский район";"19.07.2018";"28.08.2018";"прочие";"закончены";"880641726";"АО «Мосгаз»";"01010000003FB81E4636C64240EF0086B9E9E14B40";"";
"Улица Шоссейная, улица Гурьянова";"Юго-Восточный административный округ";"район Печатники";"28.06.2018";"30.06.2020";"прочие";"закончены";"880642217";"АО «Мосгаз»";"0101000000BE57D77154DD4240BFE1A70B9ED84B40";"";
"улица Лебедянская, дом 44";"Южный административный округ";"район Бирюлёво Восточное";"01.02.2019";"28.02.2019";"прочие";"закончены";"880642512";"ПАО «МОЭК»";"010100000074B81E8218D5424012053BAB1ACB4B40";"";
"Улица Красная Пресня, Столярный переулок, улица Пресненский Вал, улица Трёхгорный Вал, Большой Трёхгорный переулок, площадь Краснопресненская Застава, улица Заморёнова";"Центральный административный округ";"Пресненский район";"17.07.2018";"31.07.2019";"прочие";"закончены";"880642746";"АО «Мосгаз»";"0101000000BABA353753C842404DD5F5A1CBE14B40";"";
"8-й Новоподмосковный переулок, дом 11А";"Северный административный округ";"район Коптево";"27.11.2018";"30.12.2018";"прочие";"закончены";"880648577";"ПАО «МОЭК»";"01010000006EE1A1452CC34240386E598F4AE94B40";"";
"4-й Войковский проезд, дом 5";"Северный административный округ";"Войковский район";"30.08.2018";"30.09.2018";"прочие";"закончены";"880649187";"ПАО «МОЭК»";"01010000003AB81EAC22BF4240C3EECC5025E94B40";"";
"Можайское шоссе, дом 28";"Западный административный округ";"Можайский район";"06.08.2018";"27.08.2018";"прочие";"закончены";"880698009";"ПАО «МОЭК»";"0101000000860CB285E0B542401E9259062DDC4B40";"";
"Улица Волная, дом 28, строение 8";"Восточный административный округ";"район Соколиная Гора";"18.07.2018";"08.10.2018";"прочие";"закончены";"880842963";"АО «Мосгаз»";"010100000027F7E54F29DE4240013B78A67AE34B40";"";
"Улица Старая Басманная, дом 21 корпус 4, строение 1";"Центральный административный округ";"Басманный район";"27.07.2018";"15.10.2018";"прочие";"закончены";"880895125";"АО «Мосгаз»";"0101000000624D433106D5424053EE35572AE24B40";"";
"Мост Большой Москворецкий";"Центральный административный округ";"район Якиманка";"17.09.2018";"24.12.2019";"прочие";"закончены";"894254269";"ГБУ «Гормост»";"01010000002FFE9A21FACF424021A931EFBEDF4B40";"";
"ул. Исаковского д.33 Строительство трубопровода 4 от КНС Тушинская";"Северо-Западный административный округ";"район Строгино";"01.10.2018";"01.10.2019";"прочие";"закончены";"894463945";"АО «Мосводоканал»";"0101000000681374B4BFB84240AF857E722CE74B40";"";
"улица Главная Аллея Перекладка жб водоводов 4 5";"Восточный административный округ";"район Измайлово";"01.10.2018";"31.05.2019";"прочие";"закончены";"894463998";"АО «Мосводоканал»";"0101000000CEC95F359EE142404B3B0C25B4E44B40";"";
"Андроновское шоссе вл. 10";"Восточный административный округ";"район Лефортово";"01.10.2018";"31.12.2018";"прочие";"закончены";"894464052";"АО «Мосводоканал»";"0101000000BFA4BA02BEDD424049DA5D9307DF4B40";"";
"Проспект Академика Сахарова";"Центральный административный округ";"Красносельский район";"01.09.2018";"31.12.2018";"прочие";"закончены";"894464206";"АО «Мосводоканал»";"01010000001326EFDF31D242408DD9754073E24B40";"";
"1-й Казачий переулок";"Центральный административный округ";"район Якиманка";"01.09.2018";"31.12.2018";"прочие";"закончены";"894464343";"АО «Мосводоканал»";"0101000000B7CA47BC4FCF42400CEAAF7312DE4B40";"";
"Вспольный переулок";"Центральный административный округ";"Пресненский район";"01.09.2018";"01.12.2018";"прочие";"закончены";"894464408";"АО «Мосводоканал»";"0101000000CA25253A50CB42405090E97692E14B40";"";
"Улица Сергея Радонежского четная и нечетная сторона";"Центральный административный округ";"Таганский район";"10.09.2018";"31.12.2018";"прочие";"закончены";"894464504";"АО «Мосводоканал»";"01010000006DB81E1B6FD642400BF27E079BDF4B40";"";
"Смоленская улица дом 5";"Центральный административный округ";"район Хамовники";"01.10.2018";"31.12.2018";"прочие";"закончены";"894464596";"АО «Мосводоканал»";"0101000000EE27349178CA424005DFAFF66BDF4B40";"";
"Жуков проезд, дом 8, строение 1";"Южный административный округ";"Даниловский район";"04.10.2018";"31.10.2018";"прочие";"закончены";"894467021";"АО «Мосгаз»";"0101000000DC1557A063D24240B51D003876DC4B40";"";
"Мещанская улица, дом 1 17";"Центральный административный округ";"Мещанский район";"25.09.2018";"15.11.2018";"прочие";"закончены";"894467626";"АО «Мосгаз»";"01010000002C19207346D0424078FC68DD10E34B40";"";
"Большая Черемушкинская, дом 20, корпус 1 с выходом на улицу Дмитрия Ульянова";"Юго-Западный административный округ";"Академический район";"19.10.2018";"18.11.2018";"прочие";"закончены";"894468208";"АО «Мосгаз»";"01010000003AB81EBF4ECB4240FA67008E5ED74B40";"";
"пересечение с улицей Кременчугская и Славянского бульвара в районе , дома 15";"Западный административный округ";"район Фили-Давыдково";"08.10.2018";"31.01.2019";"прочие";"закончены";"894469683";"АО «Мосгаз»";"01010000004FB81E5307BB4240EBD86EA6DDDC4B40";"";
"1- я Горловская, дом 3";"Юго-Западный административный округ";"район Южное Бутово";"01.10.2018";"30.11.2018";"прочие";"закончены";"894470573";"АО «Мосгаз»";"01010000007461582772CA4240BA40F2946BC64B40";"";
"Герасима Курина, дом 2";"Западный административный округ";"район Фили-Давыдково";"01.10.2018";"20.05.2019";"прочие";"закончены";"894471880";"АО «Мосгаз»";"0101000000D4E4F45373BE4240FBA0BC94E8DD4B40";"";
"Проспект Беденного, д. 16, строение 1";"Восточный административный округ";"район Соколиная Гора";"29.10.2018";"31.10.2018";"прочие";"закончены";"895548926";"АО «Мосгаз»";"01010000002559B074CFDC42405E84A4BBF5E24B40";"";
"Улица Ивана Франко, дом 26, корпус 1 пересечение с улицей Коцюбинского";"Западный административный округ";"район Кунцево";"25.10.2018";"31.05.2019";"прочие";"закончены";"895549517";"АО «Мосгаз»";"0101000000E2973DABF7B642402850235D29DD4B40";"";
"Улица Ивана Франко, дом 26, строение 2
улица Красных Зорь, дом 10, дом 16";"Западный административный округ";"район Кунцево";"15.10.2018";"31.05.2019";"прочие";"закончены";"895550261";"АО «Мосгаз»";"0101000000090B3A41B6B64240844F88BFF9DC4B40";"";
"1-я Мякининская улица, дом 6";"Западный административный округ";"район Кунцево";"22.10.2018";"07.11.2018";"прочие";"закончены";"895677443";"АО «Мосгаз»";"0101000000AD2CDADCCFAF4240C3D9F4142EE74B40";"";
"Улица Цандера, дом 5,
Улица Цандера, дом 4, корпус 1";"Северный административный округ";"Останкинский район";"15.10.2018";"31.05.2019";"прочие";"закончены";"895787710";"АО «Мосгаз»";"0101000000F98BB58DB7D042403128616584E84B40";"";
"Средняя Калитниковская, д.27";"Центральный административный округ";"Таганский район";"01.11.2018";"27.12.2018";"прочие";"закончены";"895789745";"АО «Мосгаз»";"0101000000F672D8AFFBD742403B02AA4321DE4B40";"";
"Проектируемый проезд № 6179";"Северный административный округ";"район Левобережный";"08.11.2018";"30.04.2019";"прочие";"закончены";"896032068";"АО «Мосгаз»";"010100000054BF53B039BC4240B14DF405EFEE4B40";"";
"Воронцовская улица, дом 21 строение 1";"Центральный административный округ";"Таганский район";"07.11.2018";"26.12.2018";"прочие";"закончены";"896032523";"АО «Мосгаз»";"0101000000F8D1113E8FD4424047CBC63452DE4B40";"";
"Волоколамское шоссе, д.1";"Северный административный округ";"район Сокол";"09.11.2018";"27.12.2018";"прочие";"закончены";"896070980";"АО «Мосгаз»";"010100000012B81EAD7AC04240AA0FF6A044E74B40";"";
"улица Красного Маяка, дом 15А, строение 1";"Южный административный округ";"район Чертаново Центральное";"20.11.2018";"26.12.2018";"прочие";"закончены";"897429778";"ПАО «МОЭК»";"010100000022211EE41FCA424084BE87E5E7CD4B40";"";
"улица Просторная, дом 8";"Восточный административный округ";"район Богородское";"15.11.2018";"30.12.2018";"прочие";"закончены";"897437769";"ПАО «МОЭК»";"0101000000E05E0E76D0DB42407FA2BFDD19E74B40";"";
"Резервный проезд, дом 18, строение 1";"Западный административный округ";"район Дорогомилово";"06.11.2018";"30.12.2018";"прочие";"закончены";"900509352";"ПАО «МОЭК»";"010100000086B9CBB22EC64240FA13DD82AFDE4B40";"";
"проезд Якушкина, дом 10";"Северо-Восточный административный округ";"район Отрадное";"14.12.2018";"30.12.2018";"прочие";"закончены";"904070028";"ПАО «МОЭК»";"010100000028B81E835ACE42408A4878DC28EE4B40";"";
"улица Удальцова, дом 63, строение 1";"Западный административный округ";"район Проспект Вернадского";"14.12.2018";"30.12.2018";"прочие";"закончены";"904070573";"ПАО «МОЭК»";"0101000000DE7BC85D14C04240392AFC4AC1D64B40";"";
"улица Удальцова, дом 65Б";"Западный административный округ";"район Проспект Вернадского";"14.12.2018";"30.12.2018";"прочие";"закончены";"904070717";"ПАО «МОЭК»";"0101000000AF460B2D31C04240D0809949C3D64B40";"";
"проезд Донелайтиса, дом 24";"Северо-Западный административный округ";"район Южное Тушино";"17.12.2018";"15.02.2019";"прочие";"закончены";"904071165";"ПАО «МОЭК»";"010100000084B81E4010B642400FBEF77A15EC4B40";"";
"Южнопортовая улица, Проектируемый проезд № 1422";"Юго-Восточный административный округ";"район Печатники";"30.07.2018";"31.05.2019";"прочие";"закончены";"904299780";"АО «Мосгаз»";"010100000071B81E1447D84240A8F5A8D26ADA4B40";"";
"Варшавское шоссе, улица Зеленые Горы";"Южный административный округ";"Донской район";"05.10.2018";"28.06.2019";"прочие";"закончены";"904300243";"АО «Мосгаз»";"01010000008FB89E5D77CF42406B39AE2C26D94B40";"";
"Бережковская набережная";"Западный административный округ";"район Дорогомилово";"23.08.2018";"09.06.2019";"прочие";"закончены";"904300752";"АО «Мосгаз»";"01010000005B36945FF6C84240073DAADC07DF4B40";"";
"Зеленодольская улица";"Юго-Восточный административный округ";"район Кузьминки";"26.09.2018";"30.05.2019";"прочие";"закончены";"904301116";"АО «Мосгаз»";"0101000000E777C096F4E142403B26437CC2D94B40";"";
"1-й Амбулаторный проезд, Большой Коптевский проезд";"Северный административный округ";"район Аэропорт";"27.09.2018";"01.06.2019";"прочие";"закончены";"904301426";"АО «Мосгаз»";"0101000000E926E20A6FC44240134339E8D9E74B40";"";
"4-й Вятский переулок, Петровско-Разумовский проезд, Старый Петровско-Разумовский проезд, 2-я Хуторская улица";"Северный административный округ";"Савёловский район";"13.12.2018";"30.07.2019";"прочие";"закончены";"904337890";"АО «Мосгаз»";"01010000000CFC4D5518C842402FE94F0CC9E64B40";"";
"Малый Рогожский переулок, Малая Андроньевская улица,Трудовая улица, улица Рогожский Вал, Вековая улица";"Центральный административный округ";"Таганский район";"10.12.2018";"30.07.2019";"прочие";"закончены";"904340780";"АО «Мосгаз»";"010100000062ABCECB72D642408766BB9AEADE4B40";"";
"Вешняковский переулок, 1-й Новокузнецкий переулок, улица Новокузнецкая, 5-й Монетчиковский переулок, 2-ой Новокузнецкий переулок";"Центральный административный округ";"район Замоскворечье";"05.09.2018";"19.08.2019";"прочие";"закончены";"904342328";"АО «Мосгаз»";"010100000036CB376827D14240A8318BEAE8DD4B40";"";
"ул. Варваринская, д. 6 стр. 1, с выходом на проезжую часть на 5-й Дачно-Мещерский проезд.";"Западный административный округ";"район Солнцево";"25.02.2019";"21.04.2019";"прочие";"закончены";"912571521";"АО «Мосгаз»";"0101000000AEB0DA4E4FB5424087FECCCA45D54B40";"";
"улица Захарьинская, дом 4";"Северо-Западный административный округ";"район Куркино";"25.02.2019";"30.04.2019";"прочие";"закончены";"912571927";"АО «Мосгаз»";"0101000000EB5921CAF1B042401A589B8B98F14B40";"";
"Мещерский проспект, дом 34";"Западный административный округ";"район Солнцево";"25.02.2019";"30.06.2019";"прочие";"закончены";"912573104";"АО «Мосгаз»";"0101000000FF892AD6D2B442406142F5B431D64B40";"";
"Волоколамское шоссе у метро Сокол";"Северный административный округ";"район Сокол";"05.01.2019";"10.06.2019";"прочие";"закончены";"915849321";"ГБУ «Гормост»";"010100000078B8008D5DC14240323807DE2FE74B40";"";
"Садовая Большая улица";"Центральный административный округ";"Тверской район";"26.01.2019";"25.04.2019";"прочие";"закончены";"915849684";"ГБУ «Гормост»";"010100000074B800CD21CC42400E8D6B8C51E24B40";"";
"19 км МКАД";"Южный административный округ";"район Братеево";"28.02.2019";"06.09.2019";"прочие";"закончены";"915850505";"ГБУ «Гормост»";"01010000002306071250E54240F7C01D41B8CF4B40";"";
"Липецкая улица";"Южный административный округ";"район Бирюлёво Восточное";"25.03.2019";"30.12.2019";"прочие";"закончены";"915850506";"ГБУ «Гормост»";"010100000046B800A977D642403F4D785C44CB4B40";"";
"ул.Жигулёвская д.20";"Юго-Восточный административный округ";"район Кузьминки";"01.04.2019";"24.04.2019";"прочие";"не начаты";"915851980";"ГУП «Мосводосток»";"0101000000D1F1CFEAF4E14240A398E73592DA4B40";"";
"Площадь Славы";"Юго-Восточный административный округ";"район Кузьминки";"01.04.2019";"24.04.2019";"прочие";"не начаты";"915852050";"ГУП «Мосводосток»";"01010000007E3134FF46E24240EC3AD90587DA4B40";"";
"ул.Зеленодольская д.31, к.1";"Юго-Восточный административный округ";"район Кузьминки";"01.04.2019";"24.04.2019";"прочие";"не начаты";"915852051";"ГУП «Мосводосток»";"010100000091CCCA6A45E24240BC778AC986DA4B40";"";
"Волгоградский пр-т д.127-129";"Юго-Восточный административный округ";"район Кузьминки";"01.04.2019";"24.04.2019";"прочие";"не начаты";"915852053";"ГУП «Мосводосток»";"010100000088C2161F3DE24240449DDDC56EDA4B40";"";
"Аллея Первой Маевки Подводящий канал к ЛОС К2 К4";"Восточный административный округ";"район Вешняки";"01.01.2019";"30.11.2019";"прочие";"закончены";"915858127";"АО «Мосводоканал»";"0101000000CFE09E0FCAE34240466F4E5C6BDD4B40";"";
"Ленинская Слобода д. 3-9 Юго-Восточная магистраль";"Южный административный округ";"Даниловский район";"01.02.2019";"30.04.2019";"прочие";"закончены";"915858128";"АО «Мосводоканал»";"0101000000F56F0D5FDAD4424033F11A7D37DB4B40";"";
"Ул. Волочаевская";"Восточный административный округ";"район Лефортово";"01.03.2019";"31.10.2019";"прочие";"закончены";"915858133";"АО «Мосводоканал»";"0101000000BF8F75A2FAD642401403B8357BE04B40";"";
"Нахимовский пр-кт 51";"Юго-Западный административный округ";"район Черёмушки";"01.02.2019";"31.05.2019";"прочие";"закончены";"915858134";"АО «Мосводоканал»";"010100000003D9990214C84240F75E3624B9D64B40";"";
"ул. Обручева 3-11";"Юго-Западный административный округ";"Обручевский район";"01.03.2019";"31.05.2019";"прочие";"закончены";"915858149";"АО «Мосводоканал»";"01010000005A6503B5CAC14240FD7D5F9B81D44B40";"";
"Измайловский бульвар - 7я Парковая ул.";"Восточный административный округ";"район Измайлово";"01.03.2019";"31.07.2019";"прочие";"закончены";"915858150";"АО «Мосводоканал»";"0101000000105C53569EE54240026DEED9F4E54B40";"";
"2-я Белогорская, д.9 и д.3";"Юго-Западный административный округ";"район Южное Бутово";"15.04.2019";"15.07.2019";"прочие";"закончены";"919993752";"АО «Мосгаз»";"0101000000713B2C8FB3CA4240A31469B88EC64B40";"";
"Ленинградское шоссе";"Северный административный округ";"район Левобережный";"20.04.2019";"13.12.2019";"прочие";"закончены";"925702128";"ГБУ «Гормост»";"01010000002C818D118FBB42401494AC8F5CEE4B40";"";
"Мосфильмовская улица";"Западный административный округ";"район Раменки";"10.05.2019";"13.12.2019";"прочие";"закончены";"925702201";"ГБУ «Гормост»";"0101000000155309FEC3C04240CDBD8A65E2DA4B40";"";
"Серебряническая наб. р. Яуза";"Центральный административный округ";"Таганский район";"30.05.2019";"12.06.2019";"прочие";"закончены";"930211523";"ГБУ «Гормост»";"01010000003D20DAF2D1D342408D12682F0FE04B40";"";
"Новолужнецкий проезд";"Центральный административный округ";"район Хамовники";"12.06.2019";"01.08.2019";"прочие";"закончены";"930211559";"ГБУ «Гормост»";"01010000003057FA1297C742406CE64C4244DC4B40";"";
"Востряковский проезд, дом 18 А";"Южный административный округ";"район Бирюлёво Западное";"05.09.2019";"15.11.2019";"прочие";"закончены";"1006845960";"АО «Мосгаз»";"0101000000050CCBCE52D34240F54D6D038AC94B40";"";
"Востряковский проезд, дом 21, корпус 1, дом 23, корпус 3";"Южный административный округ";"район Бирюлёво Западное";"05.09.2019";"15.11.2019";"прочие";"закончены";"1006862404";"АО «Мосгаз»";"01010000003E69F4B0A2D342400E5BA80792C94B40";"";
"Востряковский проезд, дом 23, корпус 2";"Южный административный округ";"район Бирюлёво Западное";"05.09.2019";"15.11.2019";"прочие";"закончены";"1006866759";"АО «Мосгаз»";"0101000000F0C44DD00DD4424083022A04A4C94B40";"";
"Нахимовский проспект, дом, 25а.";"Юго-Западный административный округ";"район Котловка";"05.09.2019";"02.12.2019";"прочие";"закончены";"1006882293";"АО «Мосгаз»";"0101000000908C505082CB4240C8E67FBD8CD54B40";"";
"Нахимовский проспект, дом 19";"Юго-Западный административный округ";"район Котловка";"05.09.2019";"02.12.2019";"прочие";"закончены";"1006887165";"АО «Мосгаз»";"010100000040C3A532DACC4240EC46E4D309D54B40";"";
"Дорожная улица, дом 27Б, строение 4";"Южный административный округ";"район Чертаново Южное";"05.09.2019";"01.06.2020";"прочие";"закончены";"1006889111";"АО «Мосгаз»";"0101000000CDD46291D9CD4240540A20FBE3C94B40";"";
"Павловская, дом 27, строение 3";"Южный административный округ";"Даниловский район";"05.09.2019";"30.06.2020";"прочие";"закончены";"1006890081";"АО «Мосгаз»";"010100000010A60E374ED04240EEC6624B2DDB4B40";"";
"Староданиловский проезд, дом 22";"Южный административный округ";"Даниловский район";"05.09.2019";"02.12.2019";"прочие";"закончены";"1006890297";"АО «Мосгаз»";"0101000000EF2A0DBF50D0424043A8C9ABF4DA4B40";"";
"Золоторожский вал, дом 22";"Юго-Восточный административный округ";"район Лефортово";"05.09.2019";"30.09.2019";"прочие";"закончены";"1007356674";"АО «Мосгаз»";"010100000059B81E9D73D74240F62BF74117E04B40";"";
"Пермская улица, дом 3, строение 21";"Восточный административный округ";"район Метрогородок";"11.09.2019";"30.04.2020";"прочие";"закончены";"1007358146";"АО «Мосгаз»";"0101000000D11F9E6F64DE42400E097B5720E94B40";"";
"Улица 3-я Хорошевская, дом 21, корпус 1, строение 1";"Северо-Западный административный округ";"район Хорошёво-Мнёвники";"11.09.2018";"30.09.2019";"прочие";"закончены";"1007443415";"АО «Мосгаз»";"01010000008FA94AE4FDBF424048621E6FA2E44B40";"";
"2-я Линия ХСБ, дом 70С";"Северо-Западный административный округ";"район Хорошёво-Мнёвники";"11.09.2019";"02.12.2019";"прочие";"закончены";"1007479195";"АО «Мосгаз»";"01010000006A5A06B6C7B842409480F482B9E44B40";"";
"Хорошевское шоссе, дом 18 и 5-я Магистральная улица, дом 18";"Северный административный округ";"Хорошёвский район";"11.09.2019";"02.12.2019";"прочие";"закончены";"1010285933";"АО «Мосгаз»";"0101000000977F547B96C342405C9F8A7829E34B40";"";
"Профсоюзная улица, дом 66, строение 1";"Юго-Западный административный округ";"район Зюзино";"11.09.2019";"30.08.2020";"прочие";"закончены";"1010287443";"АО «Мосгаз»";"010100000046A1D0D318C642402D2D07A310D54B40";"";
"Ивантеевская улица, дом 13 со стороны 4-го проезда Подбельского";"Восточный административный округ";"район Богородское";"11.09.2019";"02.12.2019";"прочие";"закончены";"1010287545";"АО «Мосгаз»";"01010000009F6AD14850DD424057B9C17BBDE84B40";"";
"проезд Серебрякова, дом 14, строение 22";"Северо-Восточный административный округ";"район Свиблово";"11.09.2019";"02.12.2019";"прочие";"закончены";"1010287571";"АО «Мосгаз»";"010100000057B81E5B04D442407306366D78EC4B40";"";
"Андроновское шоссе, владение 10";"Юго-Восточный административный округ";"район Лефортово";"11.09.2019";"30.04.2020";"прочие";"закончены";"1010287636";"АО «Мосгаз»";"010100000057286F97E4DD4240A43F832F18DF4B40";"";
"улица Талдомская, дом 11";"Северный административный округ";"район Западное Дегунино";"11.09.2019";"02.12.2019";"прочие";"закончены";"1010287673";"АО «Мосгаз»";"010100000070DDB07D95C24240620569A5B0EF4B40";"";
"улица Душинская, дом 6";"Юго-Восточный административный округ";"район Лефортово";"01.10.2019";"02.12.2019";"прочие";"закончены";"1011631118";"АО «Мосгаз»";"01010000000ED18D521EDA42405C8869F1C6DF4B40";"";
"3-я Хорошевская улица, дом 12, строение 3";"Северо-Западный административный округ";"район Хорошёво-Мнёвники";"15.10.2019";"20.12.2019";"прочие";"закончены";"1014958001";"АО «Мосгаз»";"0101000000FC99F9A1E5BF42400FE98ACFA7E44B40";"";
"2-я Новоостанкинская улица, дом 6";"Северо-Восточный административный округ";"Останкинский район";"16.10.2019";"25.06.2020";"прочие";"закончены";"1014961222";"АО «Мосгаз»";"010100000078814D51F1CF4240F76980BA5EE84B40";"";
"Шлюзовая наб. на пересечении с Водоотводным каналом";"Центральный административный округ";"район Замоскворечье";"19.07.2019";"12.08.2019";"прочие";"закончены";"1015651723";"ГБУ «Гормост»";"0101000000BDE0E40E0BD34240C75C2D2F97DD4B40";"";
"Бережковская набережная 22-16";"Центральный административный округ";"район Дорогомилово";"01.02.2020";"10.08.2020";"прочие";"закончены";"1036681836";"АО «Мосводоканал»";"010100000032451687CCC64240DBFE190DA9DD4B40";"";
"Садовническая улица д 4-36";"Центральный административный округ";"район Замоскворечье";"01.02.2020";"30.09.2020";"прочие";"закончены";"1036681934";"АО «Мосводоканал»";"0101000000790FA21F16D24240795DC5519ADE4B40";"";
"Садовническая ул. д. 42-54";"Центральный административный округ";"район Замоскворечье";"01.02.2020";"30.09.2020";"прочие";"закончены";"1036682187";"АО «Мосводоканал»";"010100000037D34DC1C0D04240C86274BA9EDF4B40";"";
"шоссе Энтузиастов д.2-22";"Юго-Восточный административный округ";"район Лефортово";"01.02.2020";"22.06.2020";"прочие";"закончены";"1036682507";"АО «Мосводоканал»";"0101000000D87834119FD94240492E5730C3DF4B40";"";
"шоссе Энтузиастов д.28-38";"Восточный административный округ";"район Перово";"01.02.2020";"22.06.2020";"прочие";"закончены";"1036682634";"АО «Мосводоканал»";"0101000000A2D65799DEDB42401258C38134E04B40";"";
"шоссе Энтузиастов - пересечение с 1й Владимирской ул.";"Восточный административный округ";"район Перово";"01.02.2020";"22.06.2020";"прочие";"закончены";"1036683148";"АО «Мосводоканал»";"010100000078B81EB7D5E242404F0D4CF18EE14B40";"";
"шоссе Энтузиастов д.23-17";"Восточный административный округ";"район Перово";"01.02.2020";"22.06.2020";"прочие";"закончены";"1036683171";"АО «Мосводоканал»";"01010000005DB81E8397DC4240356953DD66E04B40";"";
"шоссе Энтузиастов д.7-1";"Юго-Восточный административный округ";"район Лефортово";"01.02.2020";"22.06.2020";"прочие";"закончены";"1036683442";"АО «Мосводоканал»";"01010000004AB81E937BD942408229DD81C0DF4B40";"";
"Проспект 60-летия Октября д.5 к.2-13";"Юго-Западный административный округ";"Гагаринский район";"01.02.2020";"17.08.2020";"прочие";"закончены";"1036686509";"АО «Мосводоканал»";"0101000000607142D75FCA4240691421D54BDA4B40";"";
"Проспект 60-летия Октября д.12-20";"Юго-Западный административный округ";"Гагаринский район";"01.02.2020";"17.08.2020";"прочие";"закончены";"1036686757";"АО «Мосводоканал»";"01010000001F828E7983C9424048C57FC531D84B40";"";
"Профсоюзная ул. д.22-15";"Юго-Западный административный округ";"район Черёмушки";"01.02.2020";"17.08.2020";"прочие";"закончены";"1036686924";"АО «Мосводоканал»";"0101000000C33E1921BEC8424096ABBE8E59D74B40";"";
"Профсоюзная ул. д.28-56";"Юго-Западный административный округ";"район Черёмушки";"01.02.2020";"17.08.2020";"прочие";"закончены";"1036687095";"АО «Мосводоканал»";"010100000052B81E23FEC64240339914CDD6D54B40";"";
"Дмитрия Ульянова ул. д.13-17";"Юго-Западный административный округ";"Академический район";"01.02.2020";"17.08.2020";"прочие";"закончены";"1036687448";"АО «Мосводоканал»";"01010000008C1B3C4BE4C84240FE842EFE41D84B40";"";
"Бережковская наб. д. 4-30";"Центральный административный округ";"район Дорогомилово";"01.02.2020";"31.08.2020";"прочие";"закончены";"1036687756";"АО «Мосводоканал»";"010100000012C88D3B06C8424099BD56C434DE4B40";"";
"Ул. Строителей д.4 Ломоносовский просп. кол.26634";"Юго-Западный административный округ";"Ломоносовский район";"01.03.2020";"29.06.2020";"прочие";"закончены";"1036688739";"АО «Мосводоканал»";"010100000049ABBB301FC542400CEA91360ED84B40";"";
"Волжский Бульвар 113а";"Юго-Восточный административный округ";"район Кузьминки";"01.03.2020";"29.06.2020";"прочие";"закончены";"1036689823";"АО «Мосводоканал»";"01010000006F2DA9975FE042407F57E80E83D94B40";"";
"Люблинская ул. д.94 к.1";"Юго-Восточный административный округ";"район Марьино";"01.03.2020";"24.07.2020";"прочие";"закончены";"1036690312";"АО «Мосводоканал»";"0101000000438B8D41ADDE42400CFF7EB12CD44B40";"";
"Варшавское шоссе 129";"Южный административный округ";"район Чертаново Центральное";"01.03.2020";"30.09.2020";"прочие";"закончены";"1036690706";"АО «Мосводоканал»";"01010000007C0A1F346BCE424079B49AAE74CE4B40";"";
"Космодамианская набережная д.4-50";"Центральный административный округ";"район Замоскворечье";"01.02.2020";"29.06.2020";"прочие";"закончены";"1036691812";"АО «Мосводоканал»";"0101000000FB5FA1B98BD24240B3BA4C3684DE4B40";"";
"Софийская набережная д.6-36";"Центральный административный округ";"район Якиманка";"01.02.2020";"22.06.2020";"прочие";"закончены";"1036691881";"АО «Мосводоканал»";"010100000091B81E93EFCE4240A55D6DA0B2DF4B40";"";
"Раушская набережная д.4-28";"Центральный административный округ";"район Замоскворечье";"01.02.2020";"22.06.2020";"прочие";"закончены";"1036692239";"АО «Мосводоканал»";"010100000048B81E77DCD04240738CAB08C9DF4B40";"";
"ул. Наримановская д.22";"Восточный административный округ";"район Богородское";"01.03.2020";"29.06.2020";"прочие";"закончены";"1036692611";"АО «Мосводоканал»";"0101000000D4161F818DDA4240329853BB39E84B40";"";
"2-я Прогонная ул. д.7";"Восточный административный округ";"район Богородское";"01.03.2020";"29.06.2020";"прочие";"закончены";"1036693046";"АО «Мосводоканал»";"0101000000DFBB016E9EDA4240C62DB6AEE0E74B40";"";
"Пироговская магистраль. Б.Пироговская д.2-Плющиха д.56";"Центральный административный округ";"район Хамовники";"01.02.2020";"17.08.2020";"прочие";"закончены";"1036693425";"АО «Мосводоканал»";"010100000000851323B3C942405CBFFD686CDE4B40";"";
"ул. Амундсена д.7 - Уржумская ул.";"Северо-Восточный административный округ";"район Свиблово";"01.03.2020";"24.07.2020";"прочие";"закончены";"1036693868";"АО «Мосводоканал»";"01010000006F44708A3CD44240D700D456EBEC4B40";"";
"Тишинская площадь д.1";"Центральный административный округ";"Пресненский район";"01.02.2020";"24.07.2020";"прочие";"закончены";"1036694964";"АО «Мосводоканал»";"0101000000C0DCF078B8CA4240908A0EC98CE24B40";"";
"Пресненский пер. д.4";"Центральный административный округ";"Пресненский район";"01.03.2020";"30.11.2020";"прочие";"закончены";"1036695717";"АО «Мосводоканал»";"01010000000AAC220210C9424065272B044EE14B40";"";
"Милютинский пер. д. 4-18";"Центральный административный округ";"Красносельский район";"01.04.2020";"17.08.2020";"прочие";"закончены";"1036695818";"АО «Мосводоканал»";"01010000005B44727FE4D04240EF35B822BBE14B40";"";
"Золотая ул. 2Г";"Восточный административный округ";"район Соколиная Гора";"01.05.2019";"22.06.2020";"прочие";"закончены";"1036696252";"АО «Мосводоканал»";"010100000052B81EE770DB424056BAC90D43E34B40";"";
"Малый Черкасский пер. д.1";"Центральный административный округ";"Тверской район";"01.04.2020";"22.06.2020";"прочие";"закончены";"1036696622";"АО «Мосводоканал»";"01010000002CB89E100FD04240B494A83D0EE14B40";"";
"Путепровод Бутырский";"Северо-Восточный административный округ";"Бутырский район";"15.12.2019";"14.07.2020";"прочие";"закончены";"1036728465";"ГБУ «Гормост»";"010100000079B81E0960CA4240B17FBA94D7E74B40";"";
"Верхний и Нижний Борисовские мосты";"Южный административный округ";"район Орехово-Борисово Северное";"01.01.2020";"23.11.2020";"прочие";"закончены";"1036728841";"ГБУ «Гормост»";"01010000008EB81E9D70DA42402DAAB9068BD04B40";"";
"Электрозаводский мост";"Северо-Восточный административный округ";"район Сокольники";"01.05.2020";"31.12.2020";"прочие";"закончены";"1036728964";"ГБУ «Гормост»";"01010000005A825BFCB6D9424073F52CA92CE44B40";"";
"Путепровод Киевская жд ТТК";"Западный административный округ";"район Дорогомилово";"01.05.2020";"24.08.2020";"прочие";"закончены";"1036729230";"ГБУ «Гормост»";"01010000004CB81ED502C5424015E2B08B59DE4B40";"";
"Эстакада магистральная транзитная";"Северный административный округ";"Хорошёвский район";"01.05.2020";"20.07.2020";"прочие";"закончены";"1036729724";"ГБУ «Гормост»";"010100000033B81E45B1C442406D87F17611E24B40";"";
"Путепровод Зеленоград 15-16";"Зеленоградский административный округ";"Молжаниновский район";"01.05.2020";"10.06.2020";"прочие";"закончены";"1036730118";"ГБУ «Гормост»";"01010000001AB81E40AEAE42400200E2045BF84B40";"";
"6-ой проезд Подбельского, вл. 8-10";"Восточный административный округ";"район Богородское";"02.03.2020";"30.07.2020";"прочие";"закончены";"1037089935";"ГУП «Мосводосток»";"0101000000319DE38AD8DD4240C29F78D5A3E84B40";"";
"улица Оренбургская, влд. 3";"Восточный административный округ";"район Косино-Ухтомский";"11.02.2020";"31.03.2021";"прочие";"идут";"1037093422";"ГУП «Мосводосток»";"01010000000F1AC1D34FED42408F918B1E05DB4B40";"";
"Научный проезд, дом 4А";"Южный административный округ";"район Черёмушки";"20.02.2020";"30.07.2020";"прочие";"идут";"1037114392";"ПАО «МОЭК»";"01010000007A172B190DC64240FCCE065314D44B40";"";
"Эльдорадовский переулок, дом 5";"Северный административный округ";"район Аэропорт";"20.04.2020";"30.07.2020";"прочие";"идут";"1037114954";"ПАО «МОЭК»";"01010000000FC33E5700C64240F9D0718F46E64B40";"";
"Стромынский переулок, дом 23, корпус 1";"Восточный административный округ";"район Сокольники";"30.06.2020";"30.07.2020";"прочие";"не начаты";"1037115322";"ПАО «МОЭК»";"010100000028B81E47F5D84240846803B85DE54B40";"";
"Криворожская ул., дом 19";"Южный административный округ";"Нагорный район";"30.06.2020";"30.07.2020";"прочие";"не начаты";"1037115519";"ПАО «МОЭК»";"01010000001AB81E538ACE4240A1B7E80B93D54B40";"";
"Большая Внуковская улица, дом 18";"Новомосковский административный округ";"район Внуково";"30.06.2020";"30.07.2020";"прочие";"не начаты";"1037115729";"ПАО «МОЭК»";"0101000000AF0177DA59A64240463B6CD4FBCD4B40";"";
"Олеко Дундича улица, дом 3";"Западный административный округ";"район Филёвский Парк";"30.06.2020";"30.07.2020";"прочие";"не начаты";"1037116061";"ПАО «МОЭК»";"0101000000EC8D1D89E8BF424038924715C8DE4B40";"";
"Новоостаповская улица, дом 11, строение 9";"Юго-Восточный административный округ";"Южнопортовый район";"30.06.2020";"30.07.2020";"прочие";"не начаты";"1037116395";"ПАО «МОЭК»";"010100000094557BDA97D64240167488B554DC4B40";"";
"г.Москва, ЮЗАО, ул. Профсоюзная, д 85, к. 1";"Юго-Западный административный округ";"район Коньково";"07.04.2020";"29.12.2020";"прочие";"закончены";"1037120011";"ГУП «Мосводосток»";"0101000000C05F73DE84C342402D233DE854D24B40";"";
"г. Москва, ВАО, ул. Ивантеевская, д. 21";"Восточный административный округ";"район Богородское";"15.06.2020";"04.10.2020";"прочие";"закончены";"1037120549";"ГУП «Мосводосток»";"01010000004DC2A0E7B7DD4240F14FDFA16CE84B40";"";
"улица Шверника, вл.6";"Юго-Западный административный округ";"Академический район";"19.03.2020";"07.07.2020";"прочие";"закончены";"1037122463";"ГУП «Мосводосток»";"01010000003234A47E99CA42400A303D2DB2D84B40";"";
"ул. Партизанская";"Западный административный округ";"район Кунцево";"06.04.2020";"15.07.2020";"прочие";"закончены";"1037130962";"ГУП «Мосводосток»";"010100000021AE1773B6B34240744C2DE8C8DE4B40";"";
"улица Люблинская, влд. 113";"Юго-Восточный административный округ";"район Люблино";"11.02.2020";"10.08.2020";"прочие";"закончены";"1037395888";"ГУП «Мосводосток»";"0101000000CF25528895DE4240EB0E5603C9D64B40";"";
"Улица Верхние поля, вл.19, к.2";"Юго-Восточный административный округ";"район Люблино";"15.05.2020";"30.06.2020";"прочие";"закончены";"1037402076";"ГУП «Мосводосток»";"01010000002DB89EC40EE04240AEBA035481D54B40";"";
"Варшавское шоссе, 100";"Южный административный округ";"Нагорный район";"15.06.2020";"30.06.2020";"прочие";"закончены";"1037405257";"ГУП «Мосводосток»";"01010000002013E78D3DCF4240F3AA141BA8D24B40";"";
"Улица Люблинская, вл. 111, корп. 2";"Юго-Восточный административный округ";"район Люблино";"24.05.2020";"20.09.2020";"прочие";"закончены";"1037406287";"ГУП «Мосводосток»";"01010000005149A5E18BDE42402053827723D74B40";"";
"Улица Радужная, 6";"Новомосковский административный округ";"поселение Московский";"24.06.2020";"27.08.2020";"прочие";"закончены";"1037421145";"ГУП «Мосводосток»";"01010000006726417951AF42407093C1BCDECB4B40";"";
"проезд Черепановых дом 64 корпус 2 строение 1 , улица Большая Академическая дом 73 корпус 4 , дом 77А строение 3 , улица Большая Академическая, дом 77 корпус 3 , Академическая Болольшая улица дом 79 корпус 3 , улица Лихоборские Бугры дом 3 , дом 5 , дом 8";"Северный административный округ";"район Капотня";"02.06.2020";"20.10.2020";"прочие";"идут";"1037608294";"АО «Мосгаз»";"0101000000ACD994F8A3C6424009168B00F8EB4B40";"";
"1. Улица 6-я Парковая д 52
2. Улица 5-я Парковая д 20
3. Улица Нижняя Первомайская д 8
4. Заводской проезд, д 8";"Восточный административный округ";"район Измайлово";"03.06.2020";"20.09.2020";"прочие";"закончены";"1037825210";"АО «Мосгаз»";"0101000000AA13573EF6E442403CC414EF1DE54B40";"";
"ул. Красная Пресня, ул. Малая Грузинская, ул. Климашкина, Зоологический пер.,";"Центральный административный округ";"Пресненский район";"03.06.2020";"30.06.2020";"прочие";"закончены";"1037826388";"АО «Мосгаз»";"01010000007BAC2514C8C8424047B7D8A247E24B40";"";
"улица Палехская дом 21 - дом 137
дублер Ярославского шоссе дом 121 - дом 130 корпус 1";"Северо-Восточный административный округ";"Ярославский район";"03.06.2020";"15.06.2020";"прочие";"закончены";"1037828684";"АО «Мосгаз»";"0101000000D8B0272A7BDB42403006E03FE3EF4B40";"";
"Даниловская наб. в районе Железнодорожного проезда
Автозаводская улица в ройне дом 27";"Южный административный округ";"Даниловский район";"03.06.2020";"25.12.2020";"прочие";"идут";"1037829816";"АО «Мосгаз»";"010100000033B81EA706D142400C987DD1BADA4B40";"";
"проезд Завода Серп и Молот дом 4 , проезд Завода Серп и Молот дом 10 , проезд Завода Серп и Молот дом 8 , проезд Завода Серп и Молот дом 6
проезд Завода Серп и Молот дом 12 , проезд Завода Серп и Молот дом 5 , улица Красноказарменная дом 12 строение 9 - улица Красноказарменная дом 14 строение 6";"Восточный административный округ";"район Лефортово";"03.06.2020";"30.08.2020";"прочие";"закончены";"1037834422";"АО «Мосгаз»";"010100000073EC8E3CC5D94240327F99D96DE04B40";"";
"улица Щепкина от пересечение с Напрудным переулком - улица Щепкина пересечение с улица Трифоновская , улица Щепкина пересечение с улица Трифоновская - улица Верземнека пересечение с Трифоновская , улица Верземнека от пересечение с улица Трифоновская - улица Верземнека дом 2 , улица Трифоновская от пересечение с улица Верземнека - улица Трифоновская дом 61 корпус 2 , улица Трифоновская дом 61 корпус 1 - улица Трифоновская пересечение с улица Гиляровского , улица Трифоновская пересечение с улица Гиляровского - улица Трифоновская до улица Проспект Мира дом 77 корпус 1";"Центральный административный округ";"Мещанский район";"03.06.2020";"25.12.2020";"прочие";"идут";"1037837510";"АО «Мосгаз»";"0101000000907DDCC784D042405CD850631FE54B40";"";
"Ул. Первомайская, д.60 и д.56";"Восточный административный округ";"район Измайлово";"03.06.2020";"28.12.2020";"прочие";"идут";"1037837896";"АО «Мосгаз»";"0101000000D2B0FF55B1E54240ED5ADB0485E54B40";"";
"1 Врачебный проезд дом 3 - дом 4 , 2 Врачебный проезд дом 5 - Врачебный проезд дом 2";"Северо-Западный административный округ";"район Покровское-Стрешнево";"03.06.2020";"20.12.2020";"прочие";"идут";"1037838226";"АО «Мосгаз»";"0101000000E53A0DE1D9BA4240DADA2A4908E84B40";"";
"1 5 я Кожуховская улица дом 12 - дом 28";"Центральный административный округ";"Даниловский район";"03.06.2020";"30.08.2020";"прочие";"закончены";"1037838855";"АО «Мосгаз»";"01010000002DBFB9508ED542403D4FFC9744DA4B40";"";
"улица 1-я Прогонная в районе дом 7А";"Восточный административный округ";"район Богородское";"08.06.2020";"30.08.2020";"прочие";"закончены";"1037840703";"АО «Мосгаз»";"0101000000445195437ADA4240A23C4F22CDE74B40";"";
"1 3й Крутицкий переулок в районе Саринского проезда дом 13 , строение 5 дом 13 строение 2 , 2 3й Крутицкий переулок владение 17 сооружение 1 - Крутицкая набережная в районе Саринского проезда дом 13 строение.4 , 3 2й Крутицкий перелок дом 8.22 , улица Крутицкий Вал , 4 Лавров переулок дом 5 , 5 Динамовская улица дом 9 строение 1";"Центральный административный округ";"Таганский район";"03.06.2020";"30.07.2020";"прочие";"закончены";"1037842197";"АО «Мосгаз»";"0101000000B62AF9565ED44240451FA1A276DD4B40";"";
"1 Варшавское шоссе в районе дом 56 строение 10 - Симферопольский проезд в районе дом 9 , 2 Симферопольский проезд в районе дом 20 - дом 11";"Юго-Западный административный округ";"район Зюзино";"03.06.2020";"17.09.2020";"прочие";"идут";"1037842587";"АО «Мосгаз»";"0101000000EFEBEA97A3CE4240E205415701D54B40";"";
"1 улица Малая Семеновская дом 15.17 - улица Малая Семеновская дом 11 , 2 улица Малая Семеновская дом 5 - Медовый переулок дом 5";"Восточный административный округ";"район Преображенское";"19.11.2020";"20.04.2021";"прочие";"идут";"1037843389";"АО «Мосгаз»";"01010000000CA694E915DB4240046E77936DE44B40";"";
"1 улица Удальцова дом 31А - Проспект Вернадского дом 49 , 2 Проспект Вернадского дом 49 , 3 Проспект Вернадского дом 49 - улица Удальцова дом 3 корпус 2 строение 1 , 4 улица Удальцова дом 3 корпус 2 строение 1 - Ленинский проспект дом 108 строение 1 , 5 Ленинский проспект дом 108 строение 1 - Ленинский проспект дом 110 корпус 3 строение 1 , 6 Ленинский проспект дом 108 строение 1 , 7 Ленинский проспект дом 108 , 8 Улица. Удальцова дом 3 корпус 2 строение 1 - Ленинский проспект дом 96";"Зеленоградский административный округ";"район Проспект Вернадского";"03.06.2020";"15.10.2020";"прочие";"идут";"1037844238";"АО «Мосгаз»";"0101000000417875D11BC14240D415BC6E19D64B40";"";
"Карамышинская набережная дом 26 корпус 1";"Северо-Западный административный округ";"район Хорошёво-Мнёвники";"03.06.2020";"30.06.2020";"прочие";"закончены";"1037847525";"АО «Мосгаз»";"0101000000F3F62E4C3BBD4240A82323B477E24B40";"";
"улица Авиаторов дом 30";"Западный административный округ";"район Солнцево";"03.06.2020";"15.07.2020";"прочие";"закончены";"1037848230";"АО «Мосгаз»";"01010000007DEF394A5AB442405749E66221D24B40";"";
"Коровинское шоссе дом 16 Г строение 1";"Северный административный округ";"Дмитровский район";"03.06.2020";"30.06.2020";"прочие";"закончены";"1037848633";"АО «Мосгаз»";"010100000060C896DC4DC342405600D0AD16F04B40";"";
"улица Кастанаевская дом 42 корпус 1 - улица Кастанаевская дом 37";"Западный административный округ";"район Филёвский Парк";"28.07.2020";"14.08.2020";"прочие";"закончены";"1037851026";"АО «Мосгаз»";"01010000002BA0FF408CBC4240C9825FB5FFDD4B40";"";
"1 Вагоноремонтная улица дом 16 строение 1 - Вагоноремонтная улица дом 14 строение 1 , 2 Вагоноремонтная улица дом 14 строение 1 - Вагоноремонтная улица дом 4а строение 7 , 3 Вагоноремонтная улица дом 16 строение 1 - Вагоноремонтная улица дом 4а строение 7";"Северный административный округ";"Дмитровский район";"03.06.2020";"29.12.2020";"прочие";"идут";"1037852069";"АО «Мосгаз»";"010100000073EC36E2CEC2424003CE4A3B52F34B40";"";
"Петровско - Разумовский проезд дом 22 корпус 8 , дом 23.1 , 25 корпус 1 , дом 28 строение 8 , дом 29 , 4 я Вятская улица дом 37";"Северный административный округ";"Савёловский район";"15.06.2020";"30.06.2020";"прочие";"закончены";"1037856731";"АО «Мосгаз»";"01010000004D4B219D3EC842407E87320CA0E64B40";"";
"улица Миклухо - Маклая , улица Саморы Машела дом 1 строение 6";"Юго-Западный административный округ";"Обручевский район";"08.06.2020";"30.08.2020";"прочие";"закончены";"1037863551";"АО «Мосгаз»";"010100000058B37F4D7CBF4240D9A73DAAE1D34B40";"";
"улица Шверника улица Гримау улица Дмитрия Ульянова";"Юго-Западный административный округ";"Академический район";"15.06.2020";"15.10.2020";"прочие";"идут";"1037865858";"АО «Мосгаз»";"0101000000DE9FEF8F7ECA42407BB1482150D84B40";"";
"Лихоборска набережная дом 14";"Северный административный округ";"Головинский район";"04.06.2020";"15.06.2020";"прочие";"закончены";"1037897358";"АО «Мосгаз»";"0101000000A8F15DBF55C442403210564D2BED4B40";"";
"Набережная Новикова Прибоя дом 1 корпус 1 строение 1";"Северо-Западный административный округ";"район Хорошёво-Мнёвники";"08.06.2020";"30.09.2020";"прочие";"идут";"1037897749";"АО «Мосгаз»";"0101000000AF67CF5C5FB9424074D22D7000E44B40";"";
"Путепровод Совхоз 1 мая";"Восточный административный округ";"район Восточное Измайлово";"01.06.2020";"23.06.2020";"прочие";"закончены";"1037908151";"ГБУ «Гормост»";"010100000065B81E290FEC4240F868BD3E81E24B40";"";
"Фирсановский мост";"Зеленоградский административный округ";"район Савёлки";"01.06.2020";"31.12.2020";"прочие";"идут";"1037908701";"ГБУ «Гормост»";"01010000001BB89E757EA14240E3A1B7E775FC4B40";"";
"мост 102 км МКАД";"Восточный административный округ";"район Гольяново";"01.06.2020";"28.10.2020";"прочие";"идут";"1037909173";"ГБУ «Гормост»";"01010000000EB81EA14EE94240196BA26DA4EA4B40";"";
"улица Щепкина , Больничный переулок , улица Гиляровского";"Центральный административный округ";"Мещанский район";"01.06.2020";"30.12.2020";"прочие";"идут";"1037911752";"АО «Мосгаз»";"01010000006A70AB5792D04240DA30C0118AE44B40";"";
"Сибирский проезд дом 5
Малая Калитниковская дом 20к1
Малый Калитниковский переулок дом 1 47 строение 1
Малый Калитниковский переулок дом 47 А корпус 1
Малый Калитниковский переулок дом 47 А корпус 2
Средняя Калитниковская улица дом 24";"Центральный административный округ";"Таганский район";"08.06.2020";"31.10.2020";"прочие";"идут";"1037920718";"АО «Мосгаз»";"010100000094E82D0BA8D74240CA6D40E6DBDD4B40";"";
"Ленинский проспект дом 62 , 1";"Юго-Западный административный округ";"Гагаринский район";"28.07.2020";"05.08.2020";"прочие";"закончены";"1037924569";"АО «Мосгаз»";"01010000003F7BA822E7C6424022F1E554C5D84B40";"";
"1 улица Воронцовская дом 35 Б копус 3
2 улица Воронцовская дом 35 Б корпус 3 , улица Марксистская дом 34 корпус 6 , улица Марксистская дом 3 4 корпус 8
3 Талалихина улица дом 6 строение.2
4 Талалихина улица дом 12 строение 7
5 Талалихина улица дом 6 строение 2 , Талалихина улица дом 12 строение 7 , Брошевский переулок дом 6 строение.1";"Центральный административный округ";"Таганский район";"08.06.2020";"15.11.2020";"прочие";"закончены";"1037933285";"АО «Мосгаз»";"0101000000090000445AD64240D9C3CF5249DE4B40";"";
"1 переулок Хользунова дом 14 строение 1
2 переулок Хользунова дом 10
3 переулок Хользунова дом 24 строение 1
4 Ольсуфьевский переулок дом 2-4 дом 9
5 переулок Несвижский дом 6";"Центральный административный округ";"район Хамовники";"28.07.2020";"25.10.2020";"прочие";"идут";"1037947381";"АО «Мосгаз»";"0101000000758FF90D65CA42407E031FCEACDD4B40";"";
"Смольная улица дом 25 - Смольная улица дом 19 корпус 1";"Северный административный округ";"Головинский район";"28.07.2020";"30.10.2020";"прочие";"идут";"1037951399";"АО «Мосгаз»";"01010000005FC862D3BDBF4240F412FC268FEC4B40";"";
"ВАО, ул. Кирпичная, д. 20, д. 18";"Восточный административный округ";"район Соколиная Гора";"21.10.2019";"30.09.2020";"прочие";"закончены";"1045603971";"ГУП «Мосводосток»";"0101000000BA6FDD626ADD4240889715D082E34B40";"";
"ЗАО, ул. Ватутина д. 4, к. 1, д. 9, д. 18";"Западный административный округ";"район Фили-Давыдково";"20.07.2020";"04.10.2020";"прочие";"закончены";"1045604421";"ГУП «Мосводосток»";"01010000001DB81E2329BA4240427BFEC65CDC4B40";"";
"улица Щепкина от ддома 4 до дома 20";"Центральный административный округ";"Мещанский район";"28.07.2020";"25.04.2021";"прочие";"идут";"1047315237";"АО «Мосгаз»";"0101000000C3FFFFF78DD04240BD1B3B4060E44B40";"";
"Шелепихинская набережная д.2-34 к.2";"Северо-Западный административный округ";"район Хорошёво-Мнёвники";"01.01.2020";"31.03.2021";"прочие";"идут";"1047616778";"АО «Мосводоканал»";"0101000000FF1AD5010EC24240987E8AF923E14B40";"";
"Нововладыкинский пр. д.2 с.1 СВХ";"Северо-Восточный административный округ";"район Отрадное";"01.08.2020";"31.12.2020";"прочие";"идут";"1047617081";"АО «Мосводоканал»";"0101000000BC5422361ECA42402B8FA267E5EC4B40";"";
"ул. 1-я Леонова д.1 Ботанический Сад. вынос водопровода";"Северо-Восточный административный округ";"район Ростокино";"01.08.2020";"31.03.2021";"прочие";"идут";"1047617177";"АО «Мосводоканал»";"0101000000EB2AC04B82D242408AB3960CFEEB4B40";"";
"Севанская ул. д.62";"Южный административный округ";"район Царицыно";"01.08.2020";"31.03.2021";"прочие";"идут";"1047617217";"АО «Мосводоканал»";"01010000009CA57903C7D24240880B4CF7EACF4B40";"";
"1- я Фрунзенвкася улица";"Центральный административный округ";"район Хамовники";"12.08.2020";"28.02.2021";"прочие";"идут";"1047949696";"АО «Мосгаз»";"0101000000DE43F2F7C8CA42401ECECFCF12DD4B40";"";
"проезд Стратонавтов в районе дом 9 и дом 11";"Северо-Западный административный округ";"район Покровское-Стрешнево";"12.08.2020";"28.12.2020";"прочие";"идут";"1047951138";"АО «Мосгаз»";"0101000000FF1322D1CDB742402CA47FABE7E94B40";"";
"улица Советская поселок Толстопальцево город Москва";"Западный административный округ";"район Внуково";"10.08.2020";"14.10.2020";"прочие";"закончены";"1047952852";"АО «Мосгаз»";"0101000000FCFFFF3F84A14240EE9247C847CE4B40";"";
"Большой Каменный мост, ул. Большая Полянка";"Центральный административный округ";"район Замоскворечье";"10.07.2020";"15.11.2021";"прочие";"идут";"1048136559";"ГБУ «Гормост»";"01010000002093D8146ECE4240D567ABAC72DF4B40";"";
"Путепровод Рязанский МКАД";"Юго-Восточный административный округ";"район Выхино-Жулебино";"18.07.2020";"26.08.2020";"прочие";"закончены";"1058622711";"ГБУ «Гормост»";"0101000000AF6F2E83E4EA42401B9C6BC592DA4B40";"";
"Путепровод Ярославский МКАД";"Северо-Восточный административный округ";"Лосиноостровский район";"22.07.2020";"15.11.2020";"прочие";"закончены";"1058623213";"ГБУ «Гормост»";"01010000004917233CF1DC42404F27A65BE3F04B40";"";
"Путепровод Чагинский МКАД";"Юго-Восточный административный округ";"район Капотня";"26.07.2020";"08.09.2020";"прочие";"закончены";"1058623608";"ГБУ «Гормост»";"0101000000BC3537FA84EA424040F0512400D34B40";"";
"Эстакада Нижегородская Транзитная ТТК";"Юго-Восточный административный округ";"Нижегородский район";"26.08.2020";"26.11.2020";"прочие";"закончены";"1058623954";"ГБУ «Гормост»";"0101000000C76503AE9CD94240FD63AF4320DE4B40";"";
"Мост автодорожный Андреевский ТТК";"Центральный административный округ";"район Хамовники";"07.09.2020";"20.11.2020";"прочие";"закончены";"1059231642";"ГБУ «Гормост»";"0101000000F78E7884F3C942400943BDC64EDB4B40";"";
"Мост автодорожный метро Лужники";"Центральный административный округ";"район Хамовники";"26.08.2020";"05.10.2020";"прочие";"закончены";"1059232511";"ГБУ «Гормост»";"01010000001E3D430AA5C742405DDD286FEEDA4B40";"";
"Путепровод Успенский МКАД";"Западный административный округ";"район Кунцево";"08.09.2020";"31.12.2020";"прочие";"закончены";"1060009930";"ГБУ «Гормост»";"01010000007BB81E714FAF4240954E09A7E6E14B40";"";
"Улица Щепкина дом 28 - дом 58";"Центральный административный округ";"Мещанский район";"28.10.2020";"05.06.2021";"прочие";"идут";"1061234280";"АО «Мосгаз»";"0101000000FCFFFF7B91D04240217BD98F09E44B40";"";
"Таганская улица";"Центральный административный округ";"Таганский район";"28.11.2020";"11.06.2021";"прочие";"идут";"1061234766";"АО «Мосгаз»";"01010000003000000414D542409015B908B1DE4B40";"";
"Елоховский проезд";"Центральный административный округ";"Басманный район";"28.10.2020";"20.12.2020";"прочие";"идут";"1061235152";"АО «Мосгаз»";"0101000000320000E405D642405F843C50C3E24B40";"";
"Бульвар Генерала Карбышева";"Северо-Западный административный округ";"район Хорошёво-Мнёвники";"29.09.2020";"15.11.2020";"прочие";"идут";"1061235360";"АО «Мосгаз»";"01010000000600008A88BC42409F6C1D035BE44B40";"";
"Молодогвардейская улица Ельнинская улица";"Западный административный округ";"район Кунцево";"28.09.2020";"18.04.2021";"прочие";"идут";"1061235428";"АО «Мосгаз»";"0101000000050000744BB54240CBEBC5F246DE4B40";"";
"г. Москва, ЗАО, ул. Василисы Кожиной, д.18, 22, 24, к.1";"Западный административный округ";"район Филёвский Парк";"30.09.2020";"31.12.2020";"прочие";"идут";"1061315138";"ГУП «Мосводосток»";"0101000000F0FFFF8D18BF4240D4652C4A02DE4B40";"";
"г. Москва, пос. Северный, мкр.4, район Северный";"Северо-Восточный административный округ";"район Северный";"24.08.2020";"28.12.2020";"прочие";"закончены";"1061318422";"ГУП «Мосводосток»";"01010000003800804E1BC74240682597815EF74B40";"";
"Партийный переулок дом 1 корпус 58 строение 3, 1-й Щипковский переулок";"Южный административный округ";"Даниловский район";"15.10.2020";"25.04.2021";"прочие";"идут";"1061968686";"АО «Мосгаз»";"0101000000FFFFFF0FA3D04240F6C009D262DC4B40";"";
"Эстакада Кубинко-Боженко";"Западный административный округ";"район Кунцево";"07.10.2020";"25.04.2021";"прочие";"идут";"1068689518";"ГБУ «Гормост»";"0101000000D6FFFF23F7B342405555397424DD4B40";"";
"Путепровод Сколковский МКАД";"Западный административный округ";"Можайский район";"20.10.2020";"14.02.2021";"прочие";"идут";"1068689521";"ГБУ «Гормост»";"0101000000180000021AB34240D2D659D1C7D94B40";"";
"Путепровод Горьковский МКАД";"Восточный административный округ";"район Ивановское";"14.08.2020";"26.11.2020";"прочие";"идут";"1068689522";"ГБУ «Гормост»";"01010000003F0000E8EBEB4240A686EE1E60E34B40";"";
"улица Новозаводская";"Западный административный округ";"район Филёвский Парк";"28.10.2020";"25.04.2021";"прочие";"идут";"1068740668";"АО «Мосгаз»";"01010000003B0000EC02C24240EABF5B7E7ADF4B40";"";
"Загорьевский пр. д.2";"Южный административный округ";"район Бирюлёво Восточное";"01.12.2020";"31.05.2021";"прочие";"идут";"1082826088";"АО «Мосводоканал»";"01010000003400004C25D642400EDDDFF574C94B40";"";
"ул. Маршала Голованова";"Юго-Восточный административный округ";"район Марьино";"18.01.2021";"31.05.2021";"прочие";"идут";"1082826095";"АО «Мосводоканал»";"010100000032000059FFDC424023F163666BD34B40";"";
"ул. Генерала Тюленева д.25-27";"Юго-Западный административный округ";"район Тёплый Стан";"01.01.2021";"31.05.2021";"прочие";"идут";"1082826113";"АО «Мосводоканал»";"0101000000050000E93CBE42402E22D7CB3FCF4B40";"";
"ул. Промышленная д.4";"Южный административный округ";"район Царицыно";"01.01.2021";"30.04.2021";"прочие";"идут";"1082826115";"АО «Мосводоканал»";"01010000002F0000270BD3424030DCFCE913D14B40";"";
"ул. Авиаконструктора Яковлева 33 к3";"Северный административный округ";"район Аэропорт";"01.01.2021";"31.05.2021";"прочие";"идут";"1082826144";"АО «Мосводоканал»";"0101000000F7FF7F27E1C1424024FDCB6064E74B40";"";
"2-я Фрезерная д.6";"Юго-Восточный административный округ";"Нижегородский район";"01.01.2021";"31.05.2021";"прочие";"идут";"1082826167";"АО «Мосводоканал»";"0101000000BAFFFF8A52DF4240C08F4DF6BBDE4B40";"";
"ул. Новосущевская 24";"Северо-Восточный административный округ";"район Марьина Роща";"01.01.2021";"31.05.2021";"прочие";"идут";"1082826168";"АО «Мосводоканал»";"0101000000CFFF7F155DCD4240C1C30B9273E54B40";"";
"ул. Фабрициуса д.42";"Северо-Западный административный округ";"район Южное Тушино";"01.01.2021";"31.05.2021";"прочие";"идут";"1082826182";"АО «Мосводоканал»";"0101000000C4FF7FB5D3B642400EDDF92C0CEC4B40";"";
"Золоторожская наб. д.1 с.1";"Восточный административный округ";"район Лефортово";"01.01.2021";"31.05.2021";"прочие";"идут";"1082826187";"АО «Мосводоканал»";"0101000000E6FF7F7623D6424070D01C744EE04B40";"";
"ул. Мещерякова д.11";"Северо-Западный административный округ";"район Покровское-Стрешнево";"01.01.2021";"31.05.2021";"прочие";"идут";"1082826189";"АО «Мосводоканал»";"0101000000F5FFFFC546B9424034EFAA849AEA4B40";"";
"Можайское шоссе д. 33";"Западный административный округ";"Можайский район";"01.01.2021";"31.05.2021";"прочие";"идут";"1082826199";"АО «Мосводоканал»";"0101000000170000D657B64240564666E026DC4B40";"";
"пос. Восточный, Главная ул.";"Восточный административный округ";"район Восточный";"01.01.2021";"31.05.2021";"прочие";"идут";"1082826259";"АО «Мосводоканал»";"0101000000BBFF7F5E85EF424022EE4379FCE84B40";"";
"Сигнальный пр. д.35";"Северо-Восточный административный округ";"район Отрадное";"01.01.2021";"31.05.2021";"прочие";"идут";"1082826751";"АО «Мосводоканал»";"01010000003D0080D5BACD42408A2A996AC6EC4B40";"";
"Щелковский проезд - Сиреневый бул.";"Восточный административный округ";"район Северное Измайлово";"01.01.2021";"31.05.2021";"прочие";"идут";"1082826836";"АО «Мосводоканал»";"0101000000F2FFFF5ADEE34240CD034D14F3E64B40";"";
"Новосходненское шоссе 160";"Северный административный округ";"Молжаниновский район";"01.01.2021";"31.05.2021";"прочие";"идут";"1082826891";"АО «Мосводоканал»";"010100000018000064F7AC4240C30F315D90F74B40";"";
"1й Дербеневский пер. д.3";"Южный административный округ";"Даниловский район";"01.01.2021";"31.05.2021";"прочие";"идут";"1082826894";"АО «Мосводоканал»";"0101000000130000A102D44240D57EC8B5ADDC4B40";"";
"Варшавское шоссе д.2";"Южный административный округ";"Донской район";"18.01.2021";"31.05.2021";"прочие";"идут";"1082826904";"АО «Мосводоканал»";"01010000000E0000CE82CF4240DBB3A29AC9D94B40";"";
"Шелепихинская наб. д.24";"Западный административный округ";"Пресненский район";"01.01.2021";"31.05.2021";"прочие";"идут";"1082826906";"АО «Мосводоканал»";"01010000000400000C04C2424017D31B112AE14B40";"";
"Языковский пер. д.16";"Центральный административный округ";"район Хамовники";"01.01.2021";"31.05.2021";"прочие";"идут";"1082826918";"АО «Мосводоканал»";"01010000000B00009CB6CA4240D3D36B93C3DD4B40";"";
"Земледельческий пер. д.9";"Центральный административный округ";"район Хамовники";"01.01.2021";"31.05.2021";"прочие";"идут";"1082826921";"АО «Мосводоканал»";"01010000002A000002F1C94240346450B398DE4B40";"";
"Большая Якиманка";"Центральный административный округ";"район Якиманка";"01.01.2021";"31.05.2021";"прочие";"идут";"1082826926";"АО «Мосводоканал»";"01010000000100007B8BCE4240F4D9874628DE4B40";"";
"Девяткин пер.";"Центральный административный округ";"Басманный район";"01.01.2021";"31.05.2021";"прочие";"идут";"1082827028";"АО «Мосводоканал»";"0101000000EBFFFFBAD8D1424093142AFB29E14B40";"";
"Большой Николопесковский переулок, 9 стр. 1";"Центральный административный округ";"район Арбат";"01.01.2021";"31.05.2021";"прочие";"идут";"1082827181";"АО «Мосводоканал»";"0101000000F9FF7F2D9BCB424039F6898F09E04B40";"";
"Комсомольский пр. д.25 к1";"Центральный административный округ";"район Хамовники";"01.01.2021";"31.05.2021";"прочие";"идут";"1082827288";"АО «Мосводоканал»";"010100000040008069B4CA42405078936A2ADD4B40";"";
"ул. Палиха - ул. Новослободская";"Центральный административный округ";"Тверской район";"01.01.2021";"31.07.2021";"прочие";"идут";"1082827481";"АО «Мосводоканал»";"01010000000D00002A66CC4240B85EFD7C5CE44B40";"";
"улица Обручева
улица Новаторов";"Юго-Западный административный округ";"Обручевский район";"29.01.2021";"29.04.2021";"прочие";"не начаты";"1082865265";"АО «Мосгаз»";"01010000000A0000346FC242401308B72447D44B40";"";
"улица Обручева дом 12 - дом 28";"Юго-Западный административный округ";"Обручевский район";"29.01.2021";"30.04.2021";"прочие";"не начаты";"1082865266";"АО «Мосгаз»";"0101000000CDFFFF67D2C142406DD34A912CD44B40";"";
"улица Кусковская дом 7";"Восточный административный округ";"район Новогиреево";"20.01.2021";"25.04.2021";"прочие";"идут";"1082865729";"АО «Мосгаз»";"0101000000BEFFFFBFDFE342400FFB6FFBA2DE4B40";"";
"Севастопольский путепровод";"Юго-Западный административный округ";"район Ясенево";"08.02.2021";"31.08.2021";"прочие";"идут";"1089490673";"ГБУ «Гормост»";"0101000000DEFFFF6729C54240A8A66FEF9AD04B40";"";
"Тушиснкий ДК мост";"Северо-Западный административный округ";"район Южное Тушино";"10.02.2021";"01.06.2021";"прочие";"идут";"1089490677";"ГБУ «Гормост»";"0101000000420080BE27B4424007C28E7688EB4B40";"";
"Котельническая наб., д.1, корп.В";"Центральный административный округ";"Таганский район";"15.03.2021";"17.09.2021";"прочие";"не начаты";"1089491833";"ГУП «Мосводосток»";"01010000000B0080F42DD24240C8AB458FBCDF4B40";"";
"Павелецкая наб., д.4";"Южный административный округ";"Даниловский район";"15.03.2021";"17.09.2021";"прочие";"не начаты";"1089492161";"ГУП «Мосводосток»";"010100000019008070DED24240BECD4DB04FDB4B40";"";
"Флотская ул., д.78";"Северный административный округ";"Головинский район";"04.03.2021";"07.05.2021";"прочие";"не начаты";"1089492346";"ГУП «Мосводосток»";"01010000002500002FB1C1424046DA9E4514EE4B40";"";
"ул. Буракова";"Восточный административный округ";"район Соколиная Гора";"12.08.2020";"14.05.2021";"прочие";"идут";"1089492352";"ГУП «Мосводосток»";"0101000000BCFFFF7DA0DD4240D7B2204060E14B40";"";
"ул. Бориса Галушкина, от д.11 до д. 19, корп.1";"Северо-Восточный административный округ";"Алексеевский район";"25.02.2021";"15.03.2021";"прочие";"не начаты";"1089492654";"ГУП «Мосводосток»";"0101000000DEFFFF516CD44240AE8FAED94EE94B40";"";
"Мост Широковский, ул.Широкая";"Северо-Восточный административный округ";"район Северное Медведково";"20.02.2021";"09.03.2021";"прочие";"закончены";"1103065776";"ГБУ «Гормост»";"01010000003E00806332D74240B904EEBB87F14B40";"";
"Мост Новосходненский, Походный проезд";"Северо-Западный административный округ";"район Южное Тушино";"20.02.2021";"16.03.2021";"прочие";"закончены";"1103065796";"ГБУ «Гормост»";"0101000000F3FFFF8648B442408AB1C629B2EA4B40";"";
"Мост Солнцево-Сетунька, 9 Чоботовская аллея";"Западный административный округ";"район Солнцево";"20.02.2021";"10.03.2021";"прочие";"закончены";"1103065823";"ГБУ «Гормост»";"0101000000040080EF39AD4240B04C5190E2D34B40";"";
"Мост Иваньковский";"Северо-Западный административный округ";"район Покровское-Стрешнево";"17.03.2021";"28.03.2021";"прочие";"идут";"1103065840";"ГБУ «Гормост»";"0101000000C3FFFF5923BB42403825CF8C97E94B40";"";
